dam,obs_datetime,rwl_m,dev_24h_m,nhwl_m,dev_nhwl_m,rule_curve_m,dev_rule_curve_m,gates,gate_opening_m,inflow_cms,outflow_cms,scraped_at,source
Ambuklao,2021-09-22T06:00,751.88,0.06,752.0,-0.12,745.0,6.88,,,,,2021-09-23T21:36:42,wayback
Ambuklao,2021-09-23T06:00,751.94,0.06,752.0,-0.06,745.0,6.94,,,,,2021-09-23T21:36:42,wayback
Ambuklao,2021-09-26T06:00,751.43,0.1,752.0,-0.57,745.0,6.43,,,,,2021-09-27T12:46:44,wayback
Ambuklao,2021-09-27T06:00,751.53,0.1,752.0,-0.47,745.0,6.53,,,,,2021-09-27T12:46:44,wayback
Ambuklao,2021-10-22T06:00,751.14,-0.15,752.0,-0.86,748.06,3.08,,,,,2021-10-23T10:54:56,wayback
Ambuklao,2021-10-23T06:00,750.99,-0.15,752.0,-1.01,748.5,2.49,,,,,2021-10-23T10:54:56,wayback
Ambuklao,2021-10-24T06:00,751.27,0.28,752.0,-0.73,748.94,2.33,,,,,2021-10-24T12:36:31,wayback
Ambuklao,2021-11-01T06:00,751.0,0.1,752.0,-1.0,752.0,-1.0,,,,,2021-11-02T13:56:17,wayback
Ambuklao,2021-11-02T06:00,751.1,0.1,752.0,-0.9,752.0,-0.9,,,,,2021-11-02T13:56:17,wayback
Ambuklao,2021-11-16T06:00,750.47,-0.07,752.0,-1.53,752.0,-1.53,,,,,2021-11-17T10:54:47,wayback
Ambuklao,2021-11-17T06:00,750.4,-0.07,752.0,-1.6,752.0,-1.6,,,,,2021-11-17T10:54:47,wayback
Ambuklao,2021-12-21T06:00,748.02,-0.26,752.0,-3.98,752.0,-3.98,,,,,2021-12-22T18:20:32,wayback
Ambuklao,2021-12-22T06:00,747.76,-0.26,752.0,-4.24,752.0,-4.24,,,,,2021-12-22T18:20:32,wayback
Ambuklao,2021-12-28T06:00,749.03,0.37,752.0,-2.97,752.0,-2.97,,,,,2021-12-29T04:37:48,wayback
Ambuklao,2021-12-29T06:00,749.4,0.37,752.0,-2.6,752.0,-2.6,,,,,2021-12-29T04:37:48,wayback
Ambuklao,2022-01-09T06:00,748.44,-0.96,752.0,-3.56,752.0,-3.56,,,,,2022-01-10T01:34:09,wayback
Ambuklao,2022-01-10T06:00,747.48,-0.96,752.0,-4.52,752.0,-4.52,,,,,2022-01-10T01:34:09,wayback
Ambuklao,2022-01-18T06:00,745.04,0.22,752.0,-6.96,752.0,-6.96,,,,,2022-01-19T10:01:15,wayback
Ambuklao,2022-01-19T06:00,745.26,0.22,752.0,-6.74,752.0,-6.74,,,,,2022-01-19T10:01:15,wayback
Ambuklao,2022-04-21T06:00,746.62,-0.43,752.0,-5.38,747.1,-0.48,,,,,2022-04-22T02:51:37,wayback
Ambuklao,2022-04-22T06:00,746.19,-0.43,752.0,-5.81,746.87,-0.68,,,,,2022-04-22T02:51:37,wayback
Ambuklao,2022-06-14T06:00,743.26,-0.45,752.0,-8.74,745.0,-1.74,,,,,2022-06-15T08:27:45,wayback
Ambuklao,2022-06-15T06:00,742.81,-0.45,752.0,-9.19,745.0,-2.19,,,,,2022-06-15T08:27:45,wayback
Ambuklao,2022-06-18T06:00,741.19,-0.05,752.0,-10.81,745.0,-3.81,,,,,2022-06-19T01:08:25,wayback
Ambuklao,2022-06-19T06:00,741.14,-0.05,752.0,-10.86,745.0,-3.86,,,,,2022-06-19T01:08:25,wayback
Ambuklao,2022-06-26T06:00,742.07,0.56,752.0,-9.93,745.0,-2.93,,,,,2022-06-26T23:01:12,wayback
Ambuklao,2022-06-27T06:00,742.63,0.56,752.0,-9.37,745.0,-2.37,,,,,2022-06-26T23:01:12,wayback
Ambuklao,2022-07-01T06:00,742.26,-0.08,752.0,-9.74,745.0,-2.74,,,,,2022-07-02T03:50:05,wayback
Ambuklao,2022-07-02T06:00,742.18,-0.08,752.0,-9.82,745.0,-2.82,,,,,2022-07-02T03:50:05,wayback
Ambuklao,2022-07-04T06:00,742.05,-0.18,752.0,-9.95,745.0,-2.95,,,,,2022-07-05T08:47:35,wayback
Ambuklao,2022-07-05T06:00,741.87,-0.18,752.0,-10.13,745.0,-3.13,,,,,2022-07-05T08:47:35,wayback
Ambuklao,2022-07-16T06:00,741.93,-0.55,752.0,-10.07,745.0,-3.07,,,,,2022-07-17T00:05:54,wayback
Ambuklao,2022-07-17T06:00,741.38,-0.55,752.0,-10.62,745.0,-3.62,,,,,2022-07-17T00:05:54,wayback
Ambuklao,2022-08-01T06:00,743.53,1.03,752.0,-8.47,745.0,-1.47,,,,,2022-08-02T22:15:14,wayback
Ambuklao,2022-08-02T06:00,744.56,1.03,752.0,-7.44,745.0,-0.44,,,,,2022-08-02T22:15:14,wayback
Ambuklao,2022-08-03T06:00,745.43,0.53,752.0,-6.57,745.0,0.43,,,,,2022-08-04T20:24:09,wayback
Ambuklao,2022-08-04T06:00,745.96,0.53,752.0,-6.04,745.0,0.96,,,,,2022-08-04T20:24:09,wayback
Ambuklao,2022-08-05T06:00,746.07,0.11,752.0,-5.93,745.0,1.07,,,,,2022-08-05T04:38:05,wayback
Ambuklao,2022-08-06T06:00,746.76,0.69,752.0,-5.24,745.0,1.76,,,,,2022-08-06T08:47:14,wayback
Ambuklao,2022-08-07T06:00,747.4,0.67,752.0,-4.6,745.0,2.4,,,,,2022-08-08T10:40:56,wayback
Ambuklao,2022-08-08T06:00,748.07,0.67,752.0,-3.93,745.0,3.07,,,,,2022-08-08T10:40:56,wayback
Ambuklao,2022-09-23T06:00,745.26,-0.66,752.0,-6.74,745.0,0.26,,,,,2022-09-24T09:51:55,wayback
Ambuklao,2022-09-24T06:00,744.6,-0.66,752.0,-7.4,745.0,-0.4,,,,,2022-09-24T09:51:55,wayback
Ambuklao,2022-10-15T06:00,741.41,0.08,752.0,-10.59,745.0,-3.59,,,,,2022-10-16T04:09:18,wayback
Ambuklao,2022-10-16T06:00,741.49,0.08,752.0,-10.51,745.44,-3.95,,,,,2022-10-16T04:09:18,wayback
Ambuklao,2022-10-28T06:00,741.34,0.15,752.0,-10.66,750.69,-9.35,,,,,2022-10-29T04:08:50,wayback
Ambuklao,2022-10-29T06:00,741.49,0.15,752.0,-10.51,751.13,-9.64,,,,,2022-10-29T04:08:50,wayback
Ambuklao,2022-11-29T06:00,746.46,-0.72,752.0,-5.54,752.0,-5.54,,,,,2022-11-30T16:24:55,wayback
Ambuklao,2022-11-30T06:00,745.74,-0.72,752.0,-6.26,752.0,-6.26,,,,,2022-11-30T16:24:55,wayback
Ambuklao,2022-12-01T06:00,745.51,-0.6,752.0,-6.49,752.0,-6.49,,,,,2022-12-02T11:16:57,wayback
Ambuklao,2022-12-02T06:00,744.91,-0.6,752.0,-7.09,752.0,-7.09,,,,,2022-12-02T11:16:57,wayback
Ambuklao,2022-12-10T06:00,741.74,0.26,752.0,-10.26,752.0,-10.26,,,,,2022-12-11T18:30:01,wayback
Ambuklao,2022-12-11T06:00,742.0,0.26,752.0,-10.0,752.0,-10.0,,,,,2022-12-11T18:30:01,wayback
Ambuklao,2023-03-28T06:00,741.41,-0.32,752.0,-10.59,752.0,-10.59,,,,,2023-03-28T23:37:33,wayback
Ambuklao,2023-03-29T06:00,741.09,-0.32,752.0,-10.91,752.0,-10.91,,,,,2023-03-28T23:37:33,wayback
Ambuklao,2023-04-13T06:00,741.42,-0.11,752.0,-10.58,748.97,-7.55,,,,,2023-04-14T02:12:40,wayback
Ambuklao,2023-04-14T06:00,741.31,-0.11,752.0,-10.69,748.73,-7.42,,,,,2023-04-14T02:12:40,wayback
Ambuklao,2023-07-26T06:00,746.43,4.83,752.0,-5.57,745.0,1.43,,,,,2023-07-27T08:11:31,wayback
Ambuklao,2023-07-27T06:00,751.3,4.83,752.0,-0.7,745.0,6.3,,,,,2023-07-27T08:11:31,wayback
Ambuklao,2023-09-30T06:00,750.56,-0.19,752.0,-1.44,745.0,5.56,,,,,2023-10-02T00:34:48,wayback
Ambuklao,2023-10-01T06:00,750.37,-0.19,752.0,-1.63,745.0,5.37,,,,,2023-10-02T00:34:48,wayback
Ambuklao,2023-11-27T06:00,751.0,0.18,752.0,-1.0,752.0,-1.0,,,,,2023-11-28T03:16:48,wayback
Ambuklao,2023-11-28T06:00,751.18,0.18,752.0,-0.82,752.0,-0.82,,,,,2023-11-28T03:16:48,wayback
Ambuklao,2024-01-25T06:00,751.51,0.07,752.0,-0.49,752.0,-0.49,,,,,2024-01-26T14:31:58,wayback
Ambuklao,2024-01-26T06:00,751.58,0.07,752.0,-0.42,752.0,-0.42,,,,,2024-01-26T14:31:58,wayback
Ambuklao,2024-04-03T06:00,742.72,-0.39,752.0,-9.28,751.3,-8.58,,,,,2024-04-04T04:56:23,wayback
Ambuklao,2024-04-04T06:00,742.33,-0.39,752.0,-9.67,751.07,-8.74,,,,,2024-04-04T04:56:23,wayback
Ambuklao,2024-04-16T06:00,740.0,0.02,752.0,-12.0,748.27,-8.27,,,,,2024-04-17T14:38:17,wayback
Ambuklao,2024-04-17T06:00,740.02,0.02,752.0,-11.98,748.03,-8.01,,,,,2024-04-17T14:38:17,wayback
Ambuklao,2024-04-29T08:00,740.13,0.09,752.0,-11.87,745.23,-5.1,,,,,2024-04-30T16:37:36,wayback
Ambuklao,2024-04-30T08:00,740.22,0.09,752.0,-11.78,745.0,-4.78,,,,,2024-04-30T16:37:36,wayback
Ambuklao,2024-05-02T08:00,740.27,0.01,752.0,-11.73,745.0,-4.73,,,,,2024-05-03T14:04:21,wayback
Ambuklao,2024-05-03T08:00,740.28,0.01,752.0,-11.72,745.0,-4.72,,,,,2024-05-03T14:04:21,wayback
Ambuklao,2024-05-21T08:00,741.84,0.55,752.0,-10.16,745.0,-3.16,,,,,2024-05-22T22:03:22,wayback
Ambuklao,2024-05-22T08:00,742.39,0.55,752.0,-9.61,745.0,-2.61,,,,,2024-05-22T22:03:22,wayback
Ambuklao,2024-08-03T08:00,751.29,0.19,752.0,-0.71,745.0,6.29,,,,,2024-08-04T13:50:34,wayback
Ambuklao,2024-08-04T08:00,751.48,0.19,752.0,-0.52,745.0,6.48,,,,,2024-08-04T13:50:34,wayback
Ambuklao,2024-08-23T08:00,748.93,0.1,752.0,-3.07,745.0,3.93,,,,,2024-08-24T19:16:01,wayback
Ambuklao,2024-08-24T08:00,749.03,0.1,752.0,-2.97,745.0,4.03,,,,,2024-08-24T19:16:01,wayback
Ambuklao,2024-09-11T08:00,751.64,0.03,752.0,-0.36,745.0,6.64,,,,,2024-09-12T17:45:54,wayback
Ambuklao,2024-09-12T20:00,751.67,0.03,752.0,-0.33,745.0,6.67,,,,,2024-09-12T17:45:54,wayback
Ambuklao,2024-10-04T08:00,751.4,0.15,752.0,-0.6,745.0,6.4,1.0,0.3,,59.89,2024-10-05T03:55:59,wayback
Ambuklao,2024-10-05T08:00,751.55,0.15,752.0,-0.45,745.0,6.55,,,,,2024-10-05T03:55:59,wayback
Ambuklao,2024-10-06T08:00,751.65,0.1,752.0,-0.35,745.0,6.65,,,,,2024-10-06T18:48:56,wayback
Ambuklao,2024-11-16T08:00,751.76,-1.34,752.0,-0.24,752.0,-0.24,1.0,0.3,,74.75,2024-11-17T17:28:25,wayback
Ambuklao,2024-11-17T08:00,750.42,-1.34,752.0,-1.58,752.0,-1.58,4.0,2.0,,327.53,2024-11-17T17:28:25,wayback
Ambuklao,2024-11-22T08:00,751.33,0.09,752.0,-0.67,752.0,-0.67,2.0,0.8,,125.86,2024-11-23T23:44:53,wayback
Ambuklao,2024-11-23T08:00,751.42,0.09,752.0,-0.58,752.0,-0.58,,,,,2024-11-23T23:44:53,wayback
Ambuklao,2024-11-26T08:00,751.75,0.0,752.0,-0.25,752.0,-0.25,1.0,0.3,,57.09,2024-11-27T03:09:17,wayback
Ambuklao,2024-11-27T08:00,751.75,0.0,752.0,-0.25,752.0,-0.25,1.0,0.3,,54.73,2024-11-27T03:09:17,wayback
Ambuklao,2024-12-03T08:00,751.44,0.13,752.0,-0.56,752.0,-0.56,1.0,0.3,,53.6,2024-12-04T20:10:19,wayback
Ambuklao,2024-12-04T08:00,751.57,0.13,752.0,-0.43,752.0,-0.43,1.0,0.3,,75.33,2024-12-04T20:10:19,wayback
Ambuklao,2024-12-08T08:00,751.62,0.08,752.0,-0.38,752.0,-0.38,1.0,0.3,,33.0,2024-12-09T09:51:51,wayback
Ambuklao,2024-12-09T08:00,751.7,0.08,752.0,-0.3,752.0,-0.3,1.0,0.3,,53.84,2024-12-09T09:51:51,wayback
Ambuklao,2024-12-16T08:00,751.63,-0.21,752.0,-0.37,752.0,-0.37,,,,,2024-12-17T05:30:59,wayback
Ambuklao,2024-12-17T08:00,751.42,-0.21,752.0,-0.58,752.0,-0.58,,,,,2024-12-17T05:30:59,wayback
Ambuklao,2025-02-09T08:00,751.66,0.0,752.0,-0.34,752.0,-0.34,,,,,2025-02-10T12:40:25,wayback
Ambuklao,2025-02-10T08:00,751.66,0.0,752.0,-0.34,752.0,-0.34,,,,,2025-02-10T12:40:25,wayback
Ambuklao,2025-02-16T08:00,751.62,0.01,752.0,-0.38,752.0,-0.38,,,,,2025-02-17T06:44:06,wayback
Ambuklao,2025-02-17T08:00,751.63,0.01,752.0,-0.37,752.0,-0.37,,,,,2025-02-17T06:44:06,wayback
Ambuklao,2025-03-06T08:00,750.88,0.14,752.0,-1.12,752.0,-1.12,,,,,2025-03-07T19:36:55,wayback
Ambuklao,2025-03-07T08:00,751.02,0.14,752.0,-0.98,752.0,-0.98,,,,,2025-03-07T19:36:55,wayback
Ambuklao,2025-04-15T08:00,746.66,-0.17,752.0,-5.34,748.5,-1.84,,,,,2025-04-16T02:03:07,wayback
Ambuklao,2025-04-16T08:00,746.49,-0.17,752.0,-5.51,748.27,-1.78,,,,,2025-04-16T02:03:07,wayback
Ambuklao,2025-05-03T08:00,742.83,-0.04,752.0,-9.17,745.0,-2.17,,,,,2025-05-04T15:19:46,wayback
Ambuklao,2025-05-04T08:00,742.79,-0.04,752.0,-9.21,745.0,-2.21,,,,,2025-05-04T15:19:46,wayback
Ambuklao,2025-05-05T08:00,742.73,0.06,752.0,-9.27,745.0,-2.27,,,,,2025-05-06T06:04:07,wayback
Ambuklao,2025-05-06T08:00,742.79,0.06,752.0,-9.21,745.0,-2.21,,,,,2025-05-06T06:04:07,wayback
Ambuklao,2025-05-25T08:00,744.9,-0.22,752.0,-7.1,745.0,-0.1,,,,,2025-05-26T17:20:45,wayback
Ambuklao,2025-05-26T08:00,744.68,-0.22,752.0,-7.32,745.0,-0.32,,,,,2025-05-26T17:20:45,wayback
Ambuklao,2025-06-06T08:00,744.41,0.27,752.0,-7.59,745.0,-0.59,,,,,2025-06-07T10:31:20,wayback
Ambuklao,2025-06-07T08:00,744.68,0.27,752.0,-7.32,745.0,-0.32,,,,,2025-06-07T10:31:20,wayback
Ambuklao,2025-06-24T08:00,750.17,-0.15,752.0,-1.83,745.0,5.17,,,,,2025-06-25T04:11:08,wayback
Ambuklao,2025-06-25T08:00,750.02,-0.15,752.0,-1.98,745.0,5.02,,,,,2025-06-25T04:11:08,wayback
Ambuklao,2025-07-19T08:00,749.77,2.01,752.0,-2.23,745.0,4.77,,,,,2025-07-20T16:58:33,wayback
Ambuklao,2025-07-20T08:00,751.78,2.01,752.0,-0.22,745.0,6.78,1.0,0.3,,78.74,2025-07-20T16:58:33,wayback
Ambuklao,2025-07-21T08:00,751.28,-0.28,752.0,-0.72,745.0,6.28,4.0,2.0,,311.37,2025-07-22T14:57:07,wayback
Ambuklao,2025-07-22T08:00,751.0,-0.28,752.0,-1.0,745.0,6.0,3.0,1.5,,243.26,2025-07-22T14:57:07,wayback
Ambuklao,2025-08-23T08:00,747.03,0.42,752.0,-4.97,745.0,2.03,,,,,2025-08-24T03:56:02,wayback
Ambuklao,2025-08-24T08:00,747.45,0.42,752.0,-4.55,745.0,2.45,,,,,2025-08-24T03:56:02,wayback
Ambuklao,2025-09-07T08:00,750.87,0.52,752.0,-1.13,745.0,5.87,3.0,1.5,,165.0,2025-09-09T00:27:09,wayback
Ambuklao,2025-09-08T08:00,751.39,0.52,752.0,-0.61,745.0,6.39,1.0,0.3,,71.82,2025-09-09T00:27:09,wayback
Ambuklao,2025-09-21T08:00,750.92,-1.36,752.0,-1.08,745.0,5.92,1.0,0.5,,98.47,2025-09-22T07:42:12,wayback
Ambuklao,2025-09-22T08:00,749.56,-1.36,752.0,-2.44,745.0,4.56,3.0,1.5,,256.54,2025-09-22T07:42:12,wayback
Ambuklao,2025-09-23T08:00,751.24,1.68,752.0,-0.76,745.0,6.24,8.0,7.0,,957.72,2025-09-23T16:12:03,wayback
Ambuklao,2025-10-12T08:00,750.87,0.25,752.0,-1.13,745.0,5.87,,,,,2025-10-13T08:30:27,wayback
Ambuklao,2025-10-13T08:00,751.12,0.25,752.0,-0.88,745.0,6.12,,,,,2025-10-13T08:30:27,wayback
Ambuklao,2025-10-26T08:00,749.24,0.19,752.0,-2.76,749.81,-0.57,,,,,2025-10-27T21:34:39,wayback
Ambuklao,2025-10-27T08:00,749.43,0.19,752.0,-2.57,750.25,-0.82,,,,,2025-10-27T21:34:39,wayback
Ambuklao,2025-11-02T08:00,749.8,0.35,752.0,-2.2,752.0,-2.2,,,,,2025-11-03T00:50:13,wayback
Ambuklao,2025-11-03T08:00,750.15,0.35,752.0,-1.85,752.0,-1.85,,,,,2025-11-03T00:50:13,wayback
Ambuklao,2025-11-04T08:00,749.99,-0.16,752.0,-2.01,752.0,-2.01,,,,,2025-11-04T21:05:14,wayback
Ambuklao,2025-11-10T08:00,750.36,1.59,752.0,-1.64,752.0,-1.64,8.0,8.0,,1018.65,2025-11-12T00:00:32,wayback
Ambuklao,2025-11-11T08:00,751.95,1.59,752.0,-0.05,752.0,-0.05,6.0,3.0,,425.51,2025-11-12T00:00:32,wayback
Ambuklao,2025-12-08T08:00,751.18,-0.13,752.0,-0.82,752.0,-0.82,1.0,0.3,,59.85,2025-12-09T13:06:46,wayback
Ambuklao,2025-12-09T08:00,751.05,-0.13,752.0,-0.95,752.0,-0.95,1.0,0.3,,58.6,2025-12-09T13:06:46,wayback
Ambuklao,2025-12-12T08:00,751.49,0.28,752.0,-0.51,752.0,-0.51,,,,,2025-12-13T07:48:46,wayback
Ambuklao,2025-12-13T08:00,751.77,0.28,752.0,-0.23,752.0,-0.23,,,,,2025-12-13T07:48:46,wayback
Ambuklao,2025-12-28T08:00,751.27,0.03,752.0,-0.73,752.0,-0.73,,,,,2025-12-29T23:18:31,wayback
Ambuklao,2025-12-29T08:00,751.3,0.03,752.0,-0.7,752.0,-0.7,,,,,2025-12-29T23:18:31,wayback
Ambuklao,2026-01-22T08:00,751.58,-0.03,752.0,-0.42,752.0,-0.42,,,,,2026-01-23T20:25:02,wayback
Ambuklao,2026-01-23T08:00,751.55,-0.03,752.0,-0.45,752.0,-0.45,,,,,2026-01-23T20:25:02,wayback
Ambuklao,2026-02-05T08:00,750.93,-0.07,752.0,-1.07,752.0,-1.07,,,,,2026-02-06T12:00:54,wayback
Ambuklao,2026-02-06T08:00,750.86,-0.07,752.0,-1.14,752.0,-1.14,,,,,2026-02-06T12:00:54,wayback
Ambuklao,2026-02-11T08:00,750.97,0.02,752.0,-1.03,752.0,-1.03,,,,,2026-02-12T00:40:01,wayback
Ambuklao,2026-02-12T08:00,750.99,0.02,752.0,-1.01,752.0,-1.01,,,,,2026-02-12T00:40:01,wayback
Ambuklao,2026-02-21T08:00,750.35,0.02,752.0,-1.65,752.0,-1.65,,,,,2026-02-22T13:27:52,wayback
Ambuklao,2026-02-22T08:00,750.37,0.02,752.0,-1.63,752.0,-1.63,,,,,2026-02-22T13:27:52,wayback
Ambuklao,2026-02-23T08:00,750.29,0.04,752.0,-1.71,752.0,-1.71,,,,,2026-02-24T12:35:24,wayback
Ambuklao,2026-02-24T08:00,750.33,0.04,752.0,-1.67,752.0,-1.67,,,,,2026-02-24T12:35:24,wayback
Ambuklao,2026-04-11T08:00,740.2,-0.09,752.0,-11.8,749.43,-9.23,,,,,2026-04-12T05:29:07,wayback
Ambuklao,2026-04-12T08:00,740.11,-0.09,752.0,-11.89,749.2,-9.09,,,,,2026-04-12T05:29:07,wayback
Ambuklao,2026-04-21T08:00,740.22,-0.07,752.0,-11.78,747.1,-6.88,,,,,2026-04-22T05:05:41,wayback
Ambuklao,2026-04-22T08:00,740.15,-0.07,752.0,-11.85,746.87,-6.72,,,,,2026-04-22T05:05:41,wayback
Ambuklao,2026-05-05T08:00,740.37,0.03,752.0,-11.63,745.0,-4.63,,,,,2026-05-06T05:06:33,wayback
Ambuklao,2026-05-06T08:00,740.4,0.03,752.0,-11.6,745.0,-4.6,,,,,2026-05-06T05:06:33,wayback
Ambuklao,2026-05-23T08:00,740.32,0.0,752.0,-11.68,745.0,-4.68,,,,,2026-05-24T07:14:32,wayback
Ambuklao,2026-05-24T08:00,740.32,0.0,752.0,-11.68,745.0,-4.68,,,,,2026-05-24T07:14:32,wayback
Ambuklao,2026-05-26T08:00,740.3,-0.24,752.0,-11.7,745.0,-4.7,,,,,2026-05-27T15:50:34,wayback
Ambuklao,2026-05-27T08:00,740.06,-0.24,752.0,-11.94,745.0,-4.94,,,,,2026-05-27T15:50:34,wayback
Ambuklao,2026-06-29T08:00,740.32,0.01,752.0,-11.68,745.0,-4.68,,,,,2026-06-30T16:47:24,wayback
Ambuklao,2026-06-30T08:00,740.33,0.01,752.0,-11.67,745.0,-4.67,,,,,2026-06-30T16:47:24,wayback
Ambuklao,2026-07-27T08:00,741.53,0.14,752.0,-10.47,745.0,-3.47,,,,,2026-07-28T09:06:38,wayback
Ambuklao,2026-07-28T08:00,741.67,0.14,752.0,-10.33,745.0,-3.33,,,,,2026-07-28T09:06:38,wayback
Ambuklao,2026-08-06T08:00,746.19,4.46,752.0,-5.81,745.0,1.19,,,,,2026-08-07T13:44:27,live
Ambuklao,2026-08-07T08:00,750.65,4.46,752.0,-1.35,745.0,5.65,,,,,2026-08-07T13:44:27,live
Ambuklao,2026-08-08T08:00,751.27,0.73,752.0,-0.73,745.0,6.27,4.0,2.0,,281.2,2026-08-09T16:37:07,live
Ambuklao,2026-08-09T08:00,752.0,0.73,752.0,0.0,745.0,7.0,8.0,14.0,,1806.0,2026-08-09T16:37:07,live
Ambuklao,2026-08-10T08:00,751.71,-0.29,752.0,-0.29,745.0,6.71,7.0,3.5,,467.43,2026-08-10T15:39:46,live
Ambuklao,2026-08-11T08:00,751.67,-0.04,752.0,-0.33,745.0,6.67,2.0,0.8,,170.11,2026-08-11T02:35:10,live
Ambuklao,2026-08-12T08:00,751.66,-0.01,752.0,-0.34,745.0,6.66,1.0,0.5,,145.54,2026-08-12T03:04:55,live
Ambuklao,2026-08-13T08:00,751.42,-0.24,752.0,-0.58,745.0,6.42,2.0,1.0,,208.49,2026-08-13T03:08:06,live
Ambuklao,2026-08-14T08:00,751.61,0.19,752.0,-0.39,745.0,6.61,2.0,1.0,,213.33,2026-08-14T03:06:17,live
Angat,2021-09-22T06:00,201.69,-0.15,210.0,-8.31,185.19,16.5,,,,,2021-09-23T21:36:42,wayback
Angat,2021-09-23T06:00,201.54,-0.15,210.0,-8.46,185.26,16.28,,,,,2021-09-23T21:36:42,wayback
Angat,2021-09-26T06:00,200.93,-0.26,210.0,-9.07,185.49,15.44,,,,,2021-09-27T12:46:44,wayback
Angat,2021-09-27T06:00,200.67,-0.26,210.0,-9.33,185.57,15.1,,,,,2021-09-27T12:46:44,wayback
Angat,2021-10-22T06:00,199.12,-0.15,210.0,-10.88,193.96,5.16,,,,,2021-10-23T10:54:56,wayback
Angat,2021-10-23T06:00,198.97,-0.15,210.0,-11.03,194.33,4.64,,,,,2021-10-23T10:54:56,wayback
Angat,2021-10-24T06:00,199.17,0.2,210.0,-10.83,194.7,4.47,,,,,2021-10-24T12:36:31,wayback
Angat,2021-11-01T06:00,199.61,0.09,210.0,-10.39,197.58,2.03,,,,,2021-11-02T13:56:17,wayback
Angat,2021-11-02T06:00,199.7,0.09,210.0,-10.3,197.86,1.84,,,,,2021-11-02T13:56:17,wayback
Angat,2021-11-16T06:00,198.78,-0.04,210.0,-11.22,201.78,-3.0,,,,,2021-11-17T10:54:47,wayback
Angat,2021-11-17T06:00,198.74,-0.04,210.0,-11.26,202.06,-3.32,,,,,2021-11-17T10:54:47,wayback
Angat,2021-12-21T06:00,200.32,0.28,212.0,-11.68,206.78,-6.46,,,,,2021-12-22T18:20:32,wayback
Angat,2021-12-22T06:00,200.6,0.28,212.0,-11.4,206.84,-6.24,,,,,2021-12-22T18:20:32,wayback
Angat,2021-12-28T06:00,202.14,0.61,212.0,-9.86,207.19,-5.05,,,,,2021-12-29T04:37:48,wayback
Angat,2021-12-29T06:00,202.75,0.61,212.0,-9.25,207.2,-4.45,,,,,2021-12-29T04:37:48,wayback
Angat,2022-01-09T06:00,201.62,-0.15,212.0,-10.38,206.02,-4.4,,,,,2022-01-10T01:34:09,wayback
Angat,2022-01-10T06:00,201.47,-0.15,212.0,-10.53,205.88,-4.41,,,,,2022-01-10T01:34:09,wayback
Angat,2022-01-18T06:00,199.4,-0.33,212.0,-12.6,204.75,-5.35,,,,,2022-01-19T10:01:15,wayback
Angat,2022-01-19T06:00,199.07,-0.33,212.0,-12.93,204.6,-5.53,,,,,2022-01-19T10:01:15,wayback
Angat,2022-04-21T06:00,194.85,-0.11,212.0,-17.15,187.6,7.25,,,,,2022-04-22T02:51:37,wayback
Angat,2022-04-22T06:00,194.74,-0.11,212.0,-17.26,187.47,7.27,,,,,2022-04-22T02:51:37,wayback
Angat,2022-06-14T06:00,185.52,-0.21,210.0,-24.48,182.81,2.71,,,,,2022-06-15T08:27:45,wayback
Angat,2022-06-15T06:00,185.31,-0.21,210.0,-24.69,182.75,2.56,,,,,2022-06-15T08:27:45,wayback
Angat,2022-06-18T06:00,184.47,-0.31,210.0,-25.53,182.58,1.89,,,,,2022-06-19T01:08:25,wayback
Angat,2022-06-19T06:00,184.16,-0.31,210.0,-25.84,182.52,1.64,,,,,2022-06-19T01:08:25,wayback
Angat,2022-06-26T06:00,182.45,-0.24,210.0,-27.55,182.13,0.32,,,,,2022-06-26T23:01:12,wayback
Angat,2022-06-27T06:00,182.21,-0.24,210.0,-27.79,182.07,0.14,,,,,2022-06-26T23:01:12,wayback
Angat,2022-07-01T06:00,181.4,-0.28,210.0,-28.6,181.84,-0.44,,,,,2022-07-02T03:50:05,wayback
Angat,2022-07-02T06:00,181.12,-0.28,210.0,-28.88,181.78,-0.66,,,,,2022-07-02T03:50:05,wayback
Angat,2022-07-04T06:00,180.79,-0.19,210.0,-29.21,181.65,-0.86,,,,,2022-07-05T08:47:35,wayback
Angat,2022-07-05T06:00,180.6,-0.19,210.0,-29.4,181.59,-0.99,,,,,2022-07-05T08:47:35,wayback
Angat,2022-07-16T06:00,180.23,-0.25,210.0,-29.77,180.92,-0.69,,,,,2022-07-17T00:05:54,wayback
Angat,2022-07-17T06:00,179.98,-0.25,210.0,-30.02,180.86,-0.88,,,,,2022-07-17T00:05:54,wayback
Angat,2022-08-01T06:00,177.7,-0.03,210.0,-32.3,180.11,-2.41,,,,,2022-08-02T22:15:14,wayback
Angat,2022-08-02T06:00,177.67,-0.03,210.0,-32.33,180.23,-2.56,,,,,2022-08-02T22:15:14,wayback
Angat,2022-08-03T06:00,177.49,-0.22,210.0,-32.51,180.34,-2.85,,,,,2022-08-04T20:24:09,wayback
Angat,2022-08-04T06:00,177.27,-0.22,210.0,-32.73,180.45,-3.18,,,,,2022-08-04T20:24:09,wayback
Angat,2022-08-05T06:00,177.11,-0.16,210.0,-32.89,180.56,-3.45,,,,,2022-08-05T04:38:05,wayback
Angat,2022-08-06T06:00,177.15,0.04,210.0,-32.85,180.68,-3.53,,,,,2022-08-06T08:47:14,wayback
Angat,2022-08-07T06:00,178.02,0.13,210.0,-31.98,180.79,-2.77,,,,,2022-08-08T10:40:56,wayback
Angat,2022-08-08T06:00,178.15,0.13,210.0,-31.85,180.9,-2.75,,,,,2022-08-08T10:40:56,wayback
Angat,2022-09-23T06:00,176.21,0.59,210.0,-33.79,185.26,-9.05,,,,,2022-09-24T09:51:55,wayback
Angat,2022-09-24T06:00,176.8,0.59,210.0,-33.2,185.34,-8.54,,,,,2022-09-24T09:51:55,wayback
Angat,2022-10-15T06:00,189.58,-0.11,210.0,-20.42,191.36,-1.78,,,,,2022-10-16T04:09:18,wayback
Angat,2022-10-16T06:00,189.47,-0.11,210.0,-20.53,191.74,-2.27,,,,,2022-10-16T04:09:18,wayback
Angat,2022-10-28T06:00,189.52,0.34,210.0,-20.48,196.19,-6.67,,,,,2022-10-29T04:08:50,wayback
Angat,2022-10-29T06:00,189.86,0.34,210.0,-20.14,196.56,-6.7,,,,,2022-10-29T04:08:50,wayback
Angat,2022-11-29T06:00,207.39,-0.02,210.0,-2.61,205.42,1.97,,,,,2022-11-30T16:24:55,wayback
Angat,2022-11-30T06:00,207.37,-0.02,210.0,-2.63,205.7,1.67,,,,,2022-11-30T16:24:55,wayback
Angat,2022-12-01T06:00,207.25,0.38,212.0,-4.75,205.75,1.5,,,,,2022-12-02T11:16:57,wayback
Angat,2022-12-02T06:00,207.63,0.38,212.0,-4.37,205.8,1.83,,,,,2022-12-02T11:16:57,wayback
Angat,2022-12-10T06:00,208.93,-0.15,212.0,-3.07,206.22,2.71,,,,,2022-12-11T18:30:01,wayback
Angat,2022-12-11T06:00,208.78,-0.15,212.0,-3.22,206.27,2.51,,,,,2022-12-11T18:30:01,wayback
Angat,2023-03-28T06:00,203.29,-0.45,212.0,-8.71,191.1,12.19,,,,,2023-03-28T23:37:33,wayback
Angat,2023-03-29T06:00,202.84,-0.45,212.0,-9.16,190.86,11.98,,,,,2023-03-28T23:37:33,wayback
Angat,2023-04-13T06:00,198.52,-0.13,212.0,-13.48,188.67,9.85,,,,,2023-04-14T02:12:40,wayback
Angat,2023-04-14T06:00,198.39,-0.13,212.0,-13.61,188.53,9.86,,,,,2023-04-14T02:12:40,wayback
Angat,2023-07-26T06:00,181.64,1.34,210.0,-28.36,180.31,1.33,,,,,2023-07-27T08:11:31,wayback
Angat,2023-07-27T06:00,182.98,1.34,210.0,-27.02,180.25,2.73,,,,,2023-07-27T08:11:31,wayback
Angat,2023-09-30T06:00,207.2,-0.03,210.0,-2.8,185.8,21.4,,,,,2023-10-02T00:34:48,wayback
Angat,2023-10-01T06:00,207.17,-0.03,210.0,-2.83,186.17,21.0,,,,,2023-10-02T00:34:48,wayback
Angat,2023-11-27T06:00,210.81,0.35,210.0,0.81,204.86,5.95,,,,,2023-11-28T03:16:48,wayback
Angat,2023-11-28T06:00,211.16,0.35,210.0,1.16,205.14,6.02,,,,,2023-11-28T03:16:48,wayback
Angat,2024-01-25T06:00,212.07,-0.1,212.0,0.07,203.75,8.32,,,,,2024-01-26T14:31:58,wayback
Angat,2024-01-26T06:00,211.97,-0.1,212.0,-0.03,203.61,8.36,,,,,2024-01-26T14:31:58,wayback
Angat,2024-04-03T06:00,198.15,-0.28,212.0,-13.85,190.0,8.15,,,,,2024-04-04T04:56:23,wayback
Angat,2024-04-04T06:00,197.87,-0.28,212.0,-14.13,189.87,8.0,,,,,2024-04-04T04:56:23,wayback
Angat,2024-04-16T06:00,193.64,-0.35,212.0,-18.36,188.27,5.37,,,,,2024-04-17T14:38:17,wayback
Angat,2024-04-17T06:00,193.29,-0.35,212.0,-18.71,188.13,5.16,,,,,2024-04-17T14:38:17,wayback
Angat,2024-04-29T08:00,188.45,-0.42,212.0,-23.55,186.53,1.92,,,,,2024-04-30T16:37:36,wayback
Angat,2024-04-30T08:00,188.03,-0.42,212.0,-23.97,186.4,1.63,,,,,2024-04-30T16:37:36,wayback
Angat,2024-05-02T08:00,187.13,-0.27,210.0,-22.87,186.22,0.91,,,,,2024-05-03T14:04:21,wayback
Angat,2024-05-03T08:00,186.86,-0.27,210.0,-23.14,186.13,0.73,,,,,2024-05-03T14:04:21,wayback
Angat,2024-05-21T08:00,180.4,-0.33,212.0,-31.6,184.5,-4.1,,,,,2024-05-22T22:03:22,wayback
Angat,2024-05-22T08:00,180.07,-0.33,212.0,-31.93,184.41,-4.34,,,,,2024-05-22T22:03:22,wayback
Angat,2024-08-03T08:00,187.92,0.07,210.0,-22.08,180.34,7.58,,,,,2024-08-04T13:50:34,wayback
Angat,2024-08-04T08:00,187.99,0.07,210.0,-22.01,180.45,7.54,,,,,2024-08-04T13:50:34,wayback
Angat,2024-08-23T08:00,185.08,-0.3,210.0,-24.92,182.6,2.48,,,,,2024-08-24T19:16:01,wayback
Angat,2024-08-24T08:00,184.78,-0.3,210.0,-25.22,182.71,2.07,,,,,2024-08-24T19:16:01,wayback
Angat,2024-09-11T08:00,194.58,-0.06,210.0,-15.42,184.34,10.24,,,,,2024-09-12T17:45:54,wayback
Angat,2024-09-12T20:00,194.52,-0.06,210.0,-15.48,184.42,10.1,,,,,2024-09-12T17:45:54,wayback
Angat,2024-10-04T08:00,194.42,-0.2,210.0,-15.58,187.28,7.14,,,,,2024-10-05T03:55:59,wayback
Angat,2024-10-05T08:00,194.22,-0.2,210.0,-15.78,187.65,6.57,,,,,2024-10-05T03:55:59,wayback
Angat,2024-10-06T08:00,194.52,0.3,210.0,-15.48,188.03,6.49,,,,,2024-10-06T18:48:56,wayback
Angat,2024-11-16T08:00,201.05,-0.16,210.0,-8.95,201.78,-0.73,,,,,2024-11-17T17:28:25,wayback
Angat,2024-11-17T08:00,200.89,-0.16,210.0,-9.11,202.06,-1.17,,,,,2024-11-17T17:28:25,wayback
Angat,2024-11-22T08:00,200.81,-0.14,210.0,-9.19,203.46,-2.65,,,,,2024-11-23T23:44:53,wayback
Angat,2024-11-23T08:00,200.67,-0.14,210.0,-9.33,203.74,-3.07,,,,,2024-11-23T23:44:53,wayback
Angat,2024-11-26T08:00,200.24,0.02,210.0,-9.76,204.58,-4.34,,,,,2024-11-27T03:09:17,wayback
Angat,2024-11-27T08:00,200.26,0.02,210.0,-9.74,204.86,-4.6,,,,,2024-11-27T03:09:17,wayback
Angat,2024-12-03T08:00,200.35,0.06,212.0,-11.65,205.85,-5.5,,,,,2024-12-04T20:10:19,wayback
Angat,2024-12-04T08:00,200.41,0.06,212.0,-11.59,205.91,-5.5,,,,,2024-12-04T20:10:19,wayback
Angat,2024-12-08T08:00,200.11,0.06,212.0,-11.89,206.11,-6.0,,,,,2024-12-09T09:51:51,wayback
Angat,2024-12-09T08:00,200.17,0.06,212.0,-11.83,206.16,-5.99,,,,,2024-12-09T09:51:51,wayback
Angat,2024-12-16T08:00,203.12,0.32,212.0,-8.88,206.53,-3.41,,,,,2024-12-17T05:30:59,wayback
Angat,2024-12-17T08:00,203.44,0.32,212.0,-8.56,206.58,-3.14,,,,,2024-12-17T05:30:59,wayback
Angat,2025-02-09T08:00,213.62,0.38,212.0,1.62,201.26,12.36,,,,,2025-02-10T12:40:25,wayback
Angat,2025-02-10T08:00,214.0,0.38,212.0,2.0,201.07,12.93,,,,,2025-02-10T12:40:25,wayback
Angat,2025-02-16T08:00,213.78,-0.03,212.0,1.78,199.98,13.8,,,,,2025-02-17T06:44:06,wayback
Angat,2025-02-17T08:00,213.75,-0.03,212.0,1.75,199.79,13.96,,,,,2025-02-17T06:44:06,wayback
Angat,2025-03-06T08:00,212.9,-0.19,212.0,0.9,196.21,16.69,,,,,2025-03-07T19:36:55,wayback
Angat,2025-03-07T08:00,212.71,-0.19,212.0,0.71,196.21,16.5,,,,,2025-03-07T19:36:55,wayback
Angat,2025-04-15T08:00,207.38,-0.16,212.0,-4.62,188.4,18.98,,,,,2025-04-16T02:03:07,wayback
Angat,2025-04-16T08:00,207.22,-0.16,212.0,-4.78,188.27,18.95,,,,,2025-04-16T02:03:07,wayback
Angat,2025-05-03T08:00,202.7,-0.16,210.0,-7.3,186.13,16.57,,,,,2025-05-04T15:19:46,wayback
Angat,2025-05-04T08:00,202.54,-0.16,210.0,-7.46,186.04,16.5,,,,,2025-05-04T15:19:46,wayback
Angat,2025-05-05T08:00,202.37,-0.16,210.0,-7.63,185.95,16.42,,,,,2025-05-06T06:04:07,wayback
Angat,2025-05-06T08:00,202.21,-0.16,210.0,-7.79,185.86,16.35,,,,,2025-05-06T06:04:07,wayback
Angat,2025-05-25T08:00,199.35,-0.28,210.0,-10.65,184.14,15.21,,,,,2025-05-26T17:20:45,wayback
Angat,2025-05-26T08:00,199.07,-0.28,210.0,-10.93,184.05,15.02,,,,,2025-05-26T17:20:45,wayback
Angat,2025-06-06T08:00,197.26,-0.15,210.0,-12.74,183.26,14.0,,,,,2025-06-07T10:31:20,wayback
Angat,2025-06-07T08:00,197.11,-0.15,210.0,-12.89,183.2,13.91,,,,,2025-06-07T10:31:20,wayback
Angat,2025-06-24T08:00,194.93,-0.04,210.0,-15.07,182.24,12.69,,,,,2025-06-25T04:11:08,wayback
Angat,2025-06-25T08:00,194.89,-0.04,210.0,-15.11,182.18,12.71,,,,,2025-06-25T04:11:08,wayback
Angat,2025-07-19T08:00,191.88,2.22,210.0,-18.12,180.74,11.14,,,,,2025-07-20T16:58:33,wayback
Angat,2025-07-20T08:00,194.1,2.22,210.0,-15.9,180.67,13.43,,,,,2025-07-20T16:58:33,wayback
Angat,2025-07-21T08:00,195.71,2.4,210.0,-14.29,180.61,15.1,,,,,2025-07-22T14:57:07,wayback
Angat,2025-07-22T08:00,198.11,2.4,210.0,-11.89,180.55,17.56,,,,,2025-07-22T14:57:07,wayback
Angat,2025-08-23T08:00,201.01,-0.15,210.0,-8.99,182.6,18.41,,,,,2025-08-24T03:56:02,wayback
Angat,2025-08-24T08:00,200.86,-0.15,210.0,-9.14,182.71,18.15,,,,,2025-08-24T03:56:02,wayback
Angat,2025-09-07T08:00,201.65,0.12,210.0,-8.35,184.04,17.61,,,,,2025-09-09T00:27:09,wayback
Angat,2025-09-08T08:00,201.77,0.12,210.0,-8.23,184.11,17.66,,,,,2025-09-09T00:27:09,wayback
Angat,2025-09-21T08:00,203.94,0.22,210.0,-6.06,185.11,18.83,,,,,2025-09-22T07:42:12,wayback
Angat,2025-09-22T08:00,204.16,0.22,210.0,-5.84,185.19,18.97,,,,,2025-09-22T07:42:12,wayback
Angat,2025-09-23T08:00,205.13,0.97,210.0,-4.87,185.26,19.87,,,,,2025-09-23T16:12:03,wayback
Angat,2025-10-12T08:00,208.03,0.02,210.0,-1.97,190.25,17.78,,,,,2025-10-13T08:30:27,wayback
Angat,2025-10-13T08:00,208.05,0.02,210.0,-1.95,190.62,17.43,,,,,2025-10-13T08:30:27,wayback
Angat,2025-10-26T08:00,209.06,-0.09,210.0,-0.94,195.45,13.61,,,,,2025-10-27T21:34:39,wayback
Angat,2025-10-27T08:00,208.97,-0.09,210.0,-1.03,195.82,13.15,,,,,2025-10-27T21:34:39,wayback
Angat,2025-11-02T08:00,209.36,0.13,210.0,-0.64,197.86,11.5,,,,,2025-11-03T00:50:13,wayback
Angat,2025-11-03T08:00,209.49,0.13,210.0,-0.51,198.14,11.35,,,,,2025-11-03T00:50:13,wayback
Angat,2025-11-04T08:00,209.4,-0.09,210.0,-0.6,198.42,10.98,,,,,2025-11-04T21:05:14,wayback
Angat,2025-11-10T08:00,210.37,0.53,210.0,0.37,200.1,10.27,3.0,3.0,,450.0,2025-11-12T00:00:32,wayback
Angat,2025-11-11T08:00,210.9,0.53,210.0,0.9,200.38,10.52,3.0,3.0,,464.0,2025-11-12T00:00:32,wayback
Angat,2025-12-08T08:00,211.09,0.04,212.0,-0.91,206.11,4.98,,,,,2025-12-09T13:06:46,wayback
Angat,2025-12-09T08:00,211.13,0.04,212.0,-0.87,206.16,4.97,,,,,2025-12-09T13:06:46,wayback
Angat,2025-12-12T08:00,212.33,0.38,212.0,0.33,206.32,6.01,,,,,2025-12-13T07:48:46,wayback
Angat,2025-12-13T08:00,212.71,0.38,212.0,0.71,206.37,6.34,,,,,2025-12-13T07:48:46,wayback
Angat,2025-12-28T08:00,211.68,0.0,212.0,-0.32,207.19,4.49,,,,,2025-12-29T23:18:31,wayback
Angat,2025-12-29T08:00,211.68,0.0,212.0,-0.32,207.2,4.48,,,,,2025-12-29T23:18:31,wayback
Angat,2026-01-22T08:00,209.67,-0.19,212.0,-2.33,204.18,5.49,,,,,2026-01-23T20:25:02,wayback
Angat,2026-01-23T08:00,209.48,-0.19,212.0,-2.52,204.04,5.44,,,,,2026-01-23T20:25:02,wayback
Angat,2026-02-05T08:00,207.21,-0.23,212.0,-4.79,201.99,5.22,,,,,2026-02-06T12:00:54,wayback
Angat,2026-02-06T08:00,206.98,-0.23,212.0,-5.02,201.8,5.18,,,,,2026-02-06T12:00:54,wayback
Angat,2026-02-11T08:00,206.31,-0.34,212.0,-5.69,200.89,5.42,,,,,2026-02-12T00:40:01,wayback
Angat,2026-02-12T08:00,205.97,-0.34,212.0,-6.03,200.71,5.26,,,,,2026-02-12T00:40:01,wayback
Angat,2026-02-21T08:00,206.68,-0.52,212.0,-5.32,199.06,7.62,,,,,2026-02-22T13:27:52,wayback
Angat,2026-02-22T08:00,206.16,-0.52,212.0,-5.84,198.88,7.28,,,,,2026-02-22T13:27:52,wayback
Angat,2026-02-23T08:00,206.01,-0.16,212.0,-5.99,198.7,7.31,,,,,2026-02-24T12:35:24,wayback
Angat,2026-02-24T08:00,205.85,-0.16,212.0,-6.15,198.51,7.34,,,,,2026-02-24T12:35:24,wayback
Angat,2026-04-11T08:00,192.98,-0.41,212.0,-19.02,188.93,4.05,,,,,2026-04-12T05:29:07,wayback
Angat,2026-04-12T08:00,192.57,-0.41,212.0,-19.43,188.8,3.77,,,,,2026-04-12T05:29:07,wayback
Angat,2026-04-21T08:00,188.43,-0.46,212.0,-23.57,187.6,0.83,,,,,2026-04-22T05:05:41,wayback
Angat,2026-04-22T08:00,187.97,-0.46,212.0,-24.03,187.47,0.5,,,,,2026-04-22T05:05:41,wayback
Angat,2026-05-05T08:00,182.11,-0.31,210.0,-27.89,185.95,-3.84,,,,,2026-05-06T05:06:33,wayback
Angat,2026-05-06T08:00,181.8,-0.31,210.0,-28.2,185.86,-4.06,,,,,2026-05-06T05:06:33,wayback
Angat,2026-05-23T08:00,175.97,-0.32,210.0,-34.03,184.32,-8.35,,,,,2026-05-24T07:14:32,wayback
Angat,2026-05-24T08:00,175.65,-0.32,210.0,-34.35,184.23,-8.58,,,,,2026-05-24T07:14:32,wayback
Angat,2026-05-26T08:00,174.83,-0.39,210.0,-35.17,184.05,-9.22,,,,,2026-05-27T15:50:34,wayback
Angat,2026-05-27T08:00,174.44,-0.39,210.0,-35.56,184.05,-9.61,,,,,2026-05-27T15:50:34,wayback
Angat,2026-06-29T08:00,160.71,-0.76,210.0,-49.29,181.96,-21.25,,,,,2026-06-30T16:47:24,wayback
Angat,2026-06-30T08:00,159.95,-0.76,210.0,-50.05,181.9,-21.95,,,,,2026-06-30T16:47:24,wayback
Angat,2026-07-27T08:00,151.05,-0.14,210.0,-58.95,180.25,-29.2,,,,,2026-07-28T09:06:38,wayback
Angat,2026-07-28T08:00,150.91,-0.14,210.0,-59.09,180.18,-29.27,,,,,2026-07-28T09:06:38,wayback
Angat,2026-08-06T08:00,157.49,0.64,210.0,-52.51,180.68,-23.19,,,,,2026-08-07T13:44:27,live
Angat,2026-08-07T08:00,158.13,0.64,210.0,-51.87,180.79,-22.66,,,,,2026-08-07T13:44:27,live
Angat,2026-08-08T08:00,158.89,2.92,210.0,-51.11,180.9,-22.01,,,,,2026-08-09T16:37:07,live
Angat,2026-08-09T08:00,161.81,2.92,210.0,-48.19,181.02,-19.21,,,,,2026-08-09T16:37:07,live
Angat,2026-08-10T08:00,170.47,8.66,210.0,-39.53,181.13,-10.66,,,,,2026-08-10T15:39:46,live
Angat,2026-08-11T08:00,174.98,4.51,210.0,-35.02,181.24,-6.26,,,,,2026-08-11T02:35:10,live
Angat,2026-08-12T08:00,177.1,2.12,210.0,-32.9,181.35,-4.25,,,,,2026-08-12T03:04:55,live
Angat,2026-08-13T08:00,178.79,1.69,210.0,-31.21,181.47,-2.68,,,,,2026-08-13T03:08:06,live
Angat,2026-08-14T08:00,180.1,1.31,210.0,-29.9,181.58,-1.48,,,,,2026-08-14T03:06:17,live
Binga,2021-09-22T06:00,574.13,-0.2,575.0,-0.87,565.0,9.13,,,,,2021-09-23T21:36:42,wayback
Binga,2021-09-23T06:00,573.93,-0.2,575.0,-1.07,565.0,8.93,,,,,2021-09-23T21:36:42,wayback
Binga,2021-09-26T06:00,574.24,0.16,575.0,-0.76,565.0,9.24,,,,,2021-09-27T12:46:44,wayback
Binga,2021-09-27T06:00,574.4,0.16,575.0,-0.6,565.0,9.4,,,,,2021-09-27T12:46:44,wayback
Binga,2021-10-22T06:00,574.18,0.13,575.0,-0.82,569.38,4.8,,,,,2021-10-23T10:54:56,wayback
Binga,2021-10-23T06:00,574.31,0.13,575.0,-0.69,570.0,4.31,,,,,2021-10-23T10:54:56,wayback
Binga,2021-10-24T06:00,573.42,-0.89,575.0,-1.58,570.63,2.79,,,,,2021-10-24T12:36:31,wayback
Binga,2021-11-01T06:00,574.61,0.29,575.0,-0.39,575.0,-0.39,,,,,2021-11-02T13:56:17,wayback
Binga,2021-11-02T06:00,574.9,0.29,575.0,-0.1,575.0,-0.1,,,,,2021-11-02T13:56:17,wayback
Binga,2021-11-16T06:00,573.79,0.37,575.0,-1.21,575.0,-1.21,,,,,2021-11-17T10:54:47,wayback
Binga,2021-11-17T06:00,574.16,0.37,575.0,-0.84,575.0,-0.84,,,,,2021-11-17T10:54:47,wayback
Binga,2021-12-21T06:00,573.08,0.34,575.0,-1.92,574.32,-1.24,,,,,2021-12-22T18:20:32,wayback
Binga,2021-12-22T06:00,573.42,0.34,575.0,-1.58,574.29,-0.87,,,,,2021-12-22T18:20:32,wayback
Binga,2021-12-28T06:00,574.52,-0.45,575.0,-0.48,574.1,0.42,,,,,2021-12-29T04:37:48,wayback
Binga,2021-12-29T06:00,574.07,-0.45,575.0,-0.93,574.08,-0.01,,,,,2021-12-29T04:37:48,wayback
Binga,2022-01-09T06:00,574.3,-0.26,575.0,-0.7,574.0,0.3,,,,,2022-01-10T01:34:09,wayback
Binga,2022-01-10T06:00,574.04,-0.26,575.0,-0.96,574.0,0.04,,,,,2022-01-10T01:34:09,wayback
Binga,2022-01-18T06:00,573.54,-0.05,575.0,-1.46,574.0,-0.46,,,,,2022-01-19T10:01:15,wayback
Binga,2022-01-19T06:00,573.49,-0.05,575.0,-1.51,574.0,-0.51,,,,,2022-01-19T10:01:15,wayback
Binga,2022-04-21T06:00,572.91,0.24,575.0,-2.09,567.7,5.21,,,,,2022-04-22T02:51:37,wayback
Binga,2022-04-22T06:00,573.15,0.24,575.0,-1.85,567.4,5.75,,,,,2022-04-22T02:51:37,wayback
Binga,2022-06-14T06:00,569.47,-0.2,575.0,-5.53,565.0,4.47,,,,,2022-06-15T08:27:45,wayback
Binga,2022-06-15T06:00,569.27,-0.2,575.0,-5.73,565.0,4.27,,,,,2022-06-15T08:27:45,wayback
Binga,2022-06-18T06:00,572.6,0.01,575.0,-2.4,565.0,7.6,,,,,2022-06-19T01:08:25,wayback
Binga,2022-06-19T06:00,572.61,0.01,575.0,-2.39,565.0,7.61,,,,,2022-06-19T01:08:25,wayback
Binga,2022-06-26T06:00,571.06,-0.08,575.0,-3.94,565.0,6.06,,,,,2022-06-26T23:01:12,wayback
Binga,2022-06-27T06:00,570.98,-0.08,575.0,-4.02,565.0,5.98,,,,,2022-06-26T23:01:12,wayback
Binga,2022-07-01T06:00,570.79,0.45,575.0,-4.21,565.0,5.79,,,,,2022-07-02T03:50:05,wayback
Binga,2022-07-02T06:00,571.24,0.45,575.0,-3.76,565.0,6.24,,,,,2022-07-02T03:50:05,wayback
Binga,2022-07-04T06:00,571.99,-0.46,575.0,-3.01,565.0,6.99,,,,,2022-07-05T08:47:35,wayback
Binga,2022-07-05T06:00,571.53,-0.46,575.0,-3.47,565.0,6.53,,,,,2022-07-05T08:47:35,wayback
Binga,2022-07-16T06:00,573.26,-0.14,575.0,-1.74,565.0,8.26,,,,,2022-07-17T00:05:54,wayback
Binga,2022-07-17T06:00,573.12,-0.14,575.0,-1.88,565.0,8.12,,,,,2022-07-17T00:05:54,wayback
Binga,2022-08-01T06:00,573.93,-0.08,575.0,-1.07,565.0,8.93,,,,,2022-08-02T22:15:14,wayback
Binga,2022-08-02T06:00,573.85,-0.08,575.0,-1.15,565.0,8.85,,,,,2022-08-02T22:15:14,wayback
Binga,2022-08-03T06:00,573.49,-1.2,575.0,-1.51,565.0,8.49,,,,,2022-08-04T20:24:09,wayback
Binga,2022-08-04T06:00,572.29,-1.2,575.0,-2.71,565.0,7.29,,,,,2022-08-04T20:24:09,wayback
Binga,2022-08-05T06:00,571.48,-0.81,575.0,-3.52,565.0,6.48,,,,,2022-08-05T04:38:05,wayback
Binga,2022-08-06T06:00,571.51,0.03,575.0,-3.49,565.0,6.51,,,,,2022-08-06T08:47:14,wayback
Binga,2022-08-07T06:00,571.3,-0.93,575.0,-3.7,565.0,6.3,,,,,2022-08-08T10:40:56,wayback
Binga,2022-08-08T06:00,570.37,-0.93,575.0,-4.63,565.0,5.37,,,,,2022-08-08T10:40:56,wayback
Binga,2022-09-23T06:00,571.85,0.02,575.0,-3.15,565.0,6.85,,,,,2022-09-24T09:51:55,wayback
Binga,2022-09-24T06:00,571.87,0.02,575.0,-3.13,565.0,6.87,,,,,2022-09-24T09:51:55,wayback
Binga,2022-10-15T06:00,572.26,-0.07,575.0,-2.74,565.0,7.26,,,,,2022-10-16T04:09:18,wayback
Binga,2022-10-16T06:00,572.19,-0.07,575.0,-2.81,565.63,6.56,,,,,2022-10-16T04:09:18,wayback
Binga,2022-10-28T06:00,572.4,-0.64,575.0,-2.6,573.13,-0.73,,,,,2022-10-29T04:08:50,wayback
Binga,2022-10-29T06:00,571.76,-0.64,575.0,-3.24,573.75,-1.99,,,,,2022-10-29T04:08:50,wayback
Binga,2022-11-29T06:00,573.78,0.27,575.0,-1.22,575.0,-1.22,,,,,2022-11-30T16:24:55,wayback
Binga,2022-11-30T06:00,574.05,0.27,575.0,-0.95,575.0,-0.95,,,,,2022-11-30T16:24:55,wayback
Binga,2022-12-01T06:00,573.02,-0.53,575.0,-1.98,574.97,-1.95,,,,,2022-12-02T11:16:57,wayback
Binga,2022-12-02T06:00,572.49,-0.53,575.0,-2.51,574.94,-2.45,,,,,2022-12-02T11:16:57,wayback
Binga,2022-12-10T06:00,573.24,0.02,575.0,-1.76,574.68,-1.44,,,,,2022-12-11T18:30:01,wayback
Binga,2022-12-11T06:00,573.26,0.02,575.0,-1.74,574.65,-1.39,,,,,2022-12-11T18:30:01,wayback
Binga,2023-03-28T06:00,572.91,-0.78,575.0,-2.09,574.0,-1.09,,,,,2023-03-28T23:37:33,wayback
Binga,2023-03-29T06:00,572.13,-0.78,575.0,-2.87,574.0,-1.87,,,,,2023-03-28T23:37:33,wayback
Binga,2023-04-13T06:00,568.74,0.38,575.0,-6.26,570.1,-1.36,,,,,2023-04-14T02:12:40,wayback
Binga,2023-04-14T06:00,569.12,0.38,575.0,-5.88,569.8,-0.68,,,,,2023-04-14T02:12:40,wayback
Binga,2023-07-26T06:00,568.52,6.11,575.0,-6.48,565.0,3.52,,,,,2023-07-27T08:11:31,wayback
Binga,2023-07-27T06:00,574.63,6.11,575.0,-0.37,565.0,9.63,,,,,2023-07-27T08:11:31,wayback
Binga,2023-09-30T06:00,574.28,-0.15,575.0,-0.72,565.0,9.28,,,,,2023-10-02T00:34:48,wayback
Binga,2023-10-01T06:00,574.13,-0.15,575.0,-0.87,565.0,9.13,,,,,2023-10-02T00:34:48,wayback
Binga,2023-11-27T06:00,574.18,-0.18,575.0,-0.82,575.0,-0.82,,,,,2023-11-28T03:16:48,wayback
Binga,2023-11-28T06:00,574.0,-0.18,575.0,-1.0,575.0,-1.0,,,,,2023-11-28T03:16:48,wayback
Binga,2024-01-25T06:00,573.83,0.13,575.0,-1.17,574.0,-0.17,,,,,2024-01-26T14:31:58,wayback
Binga,2024-01-26T06:00,573.96,0.13,575.0,-1.04,574.0,-0.04,,,,,2024-01-26T14:31:58,wayback
Binga,2024-04-03T06:00,569.8,-0.24,575.0,-5.2,573.1,-3.3,,,,,2024-04-04T04:56:23,wayback
Binga,2024-04-04T06:00,569.56,-0.24,575.0,-5.44,572.8,-3.24,,,,,2024-04-04T04:56:23,wayback
Binga,2024-04-16T06:00,566.48,-0.33,575.0,-8.52,569.2,-2.72,,,,,2024-04-17T14:38:17,wayback
Binga,2024-04-17T06:00,566.15,-0.33,575.0,-8.85,568.9,-2.75,,,,,2024-04-17T14:38:17,wayback
Binga,2024-04-29T08:00,566.63,0.28,575.0,-8.37,565.3,1.33,,,,,2024-04-30T16:37:36,wayback
Binga,2024-04-30T08:00,566.91,0.28,575.0,-8.09,565.0,1.91,,,,,2024-04-30T16:37:36,wayback
Binga,2024-05-02T08:00,567.24,0.09,575.0,-7.76,565.0,2.24,,,,,2024-05-03T14:04:21,wayback
Binga,2024-05-03T08:00,567.33,0.09,575.0,-7.67,565.0,2.33,,,,,2024-05-03T14:04:21,wayback
Binga,2024-05-21T08:00,566.24,0.16,575.0,-8.76,565.0,1.24,,,,,2024-05-22T22:03:22,wayback
Binga,2024-05-22T08:00,566.4,0.16,575.0,-8.6,565.0,1.4,,,,,2024-05-22T22:03:22,wayback
Binga,2024-08-03T08:00,574.55,-0.17,575.0,-0.45,565.0,9.55,,,,,2024-08-04T13:50:34,wayback
Binga,2024-08-04T08:00,574.38,-0.17,575.0,-0.62,565.0,9.38,,,,,2024-08-04T13:50:34,wayback
Binga,2024-08-23T08:00,571.45,0.55,575.0,-3.55,565.0,6.45,,,,,2024-08-24T19:16:01,wayback
Binga,2024-08-24T08:00,572.0,0.55,575.0,-3.0,565.0,7.0,,,,,2024-08-24T19:16:01,wayback
Binga,2024-09-11T08:00,574.55,0.12,575.0,-0.45,565.0,9.55,,,,,2024-09-12T17:45:54,wayback
Binga,2024-09-12T20:00,574.67,0.12,575.0,-0.33,565.0,9.67,,,,,2024-09-12T17:45:54,wayback
Binga,2024-10-04T08:00,574.65,-0.08,575.0,-0.35,565.0,9.65,2.0,0.6,,115.89,2024-10-05T03:55:59,wayback
Binga,2024-10-05T08:00,574.57,-0.08,575.0,-0.43,565.0,9.57,,,,,2024-10-05T03:55:59,wayback
Binga,2024-10-06T08:00,574.83,0.26,575.0,-0.17,565.0,9.83,,,,,2024-10-06T18:48:56,wayback
Binga,2024-11-16T08:00,573.93,-1.64,575.0,-1.07,575.0,-1.07,1.0,0.3,,59.14,2024-11-17T17:28:25,wayback
Binga,2024-11-17T08:00,572.29,-1.64,575.0,-2.71,575.0,-2.71,4.0,2.0,,260.66,2024-11-17T17:28:25,wayback
Binga,2024-11-22T08:00,574.87,-1.56,575.0,-0.13,575.0,-0.13,2.0,1.0,,173.29,2024-11-23T23:44:53,wayback
Binga,2024-11-23T08:00,573.31,-1.56,575.0,-1.69,575.0,-1.69,,,,,2024-11-23T23:44:53,wayback
Binga,2024-11-26T08:00,573.43,1.57,575.0,-1.57,575.0,-1.57,1.0,0.3,,51.48,2024-11-27T03:09:17,wayback
Binga,2024-11-27T08:00,575.0,1.57,575.0,0.0,575.0,0.0,2.0,0.8,,124.75,2024-11-27T03:09:17,wayback
Binga,2024-12-03T08:00,574.16,-0.21,575.0,-0.84,574.9,-0.74,2.0,0.6,,97.2,2024-12-04T20:10:19,wayback
Binga,2024-12-04T08:00,573.95,-0.21,575.0,-1.05,574.87,-0.92,1.0,0.3,,62.26,2024-12-04T20:10:19,wayback
Binga,2024-12-08T08:00,574.35,-0.04,575.0,-0.65,574.74,-0.39,1.0,0.5,,64.0,2024-12-09T09:51:51,wayback
Binga,2024-12-09T08:00,574.31,-0.04,575.0,-0.69,574.71,-0.4,1.0,0.3,,53.7,2024-12-09T09:51:51,wayback
Binga,2024-12-16T08:00,574.57,-0.16,575.0,-0.43,574.48,0.09,,,,,2024-12-17T05:30:59,wayback
Binga,2024-12-17T08:00,574.41,-0.16,575.0,-0.59,574.45,-0.04,1.0,0.3,,56.0,2024-12-17T05:30:59,wayback
Binga,2025-02-09T08:00,573.95,-0.23,575.0,-1.05,574.0,-0.05,,,,,2025-02-10T12:40:25,wayback
Binga,2025-02-10T08:00,573.72,-0.23,575.0,-1.28,574.0,-0.28,,,,,2025-02-10T12:40:25,wayback
Binga,2025-02-16T08:00,573.76,-0.46,575.0,-1.24,574.0,-0.24,,,,,2025-02-17T06:44:06,wayback
Binga,2025-02-17T08:00,573.3,-0.46,575.0,-1.7,574.0,-0.7,,,,,2025-02-17T06:44:06,wayback
Binga,2025-03-06T08:00,573.54,-0.27,575.0,-1.46,574.0,-0.46,,,,,2025-03-07T19:36:55,wayback
Binga,2025-03-07T08:00,573.27,-0.27,575.0,-1.73,574.0,-0.73,,,,,2025-03-07T19:36:55,wayback
Binga,2025-04-15T08:00,574.5,-1.45,575.0,-0.5,569.5,5.0,,,,,2025-04-16T02:03:07,wayback
Binga,2025-04-16T08:00,573.05,-1.45,575.0,-1.95,569.2,3.85,,,,,2025-04-16T02:03:07,wayback
Binga,2025-05-03T08:00,573.37,-0.11,575.0,-1.63,565.0,8.37,,,,,2025-05-04T15:19:46,wayback
Binga,2025-05-04T08:00,573.26,-0.11,575.0,-1.74,565.0,8.26,,,,,2025-05-04T15:19:46,wayback
Binga,2025-05-05T08:00,573.06,-0.15,575.0,-1.94,565.0,8.06,,,,,2025-05-06T06:04:07,wayback
Binga,2025-05-06T08:00,572.91,-0.15,575.0,-2.09,565.0,7.91,,,,,2025-05-06T06:04:07,wayback
Binga,2025-05-25T08:00,572.9,0.01,575.0,-2.1,565.0,7.9,,,,,2025-05-26T17:20:45,wayback
Binga,2025-05-26T08:00,572.91,0.01,575.0,-2.09,565.0,7.91,,,,,2025-05-26T17:20:45,wayback
Binga,2025-06-06T08:00,573.02,-0.05,575.0,-1.98,565.0,8.02,,,,,2025-06-07T10:31:20,wayback
Binga,2025-06-07T08:00,572.97,-0.05,575.0,-2.03,565.0,7.97,,,,,2025-06-07T10:31:20,wayback
Binga,2025-06-24T08:00,570.8,1.21,575.0,-4.2,565.0,5.8,,,,,2025-06-25T04:11:08,wayback
Binga,2025-06-25T08:00,572.01,1.21,575.0,-2.99,565.0,7.01,,,,,2025-06-25T04:11:08,wayback
Binga,2025-07-19T08:00,573.05,1.38,575.0,-1.95,565.0,8.05,1.0,0.5,,91.64,2025-07-20T16:58:33,wayback
Binga,2025-07-20T08:00,574.43,1.38,575.0,-0.57,565.0,9.43,2.0,1.0,,161.57,2025-07-20T16:58:33,wayback
Binga,2025-07-21T08:00,574.21,-1.55,575.0,-0.79,565.0,9.21,6.0,3.5,,508.31,2025-07-22T14:57:07,wayback
Binga,2025-07-22T08:00,572.66,-1.55,575.0,-2.34,565.0,7.66,3.0,1.5,,218.8,2025-07-22T14:57:07,wayback
Binga,2025-08-23T08:00,573.55,-0.6,575.0,-1.45,565.0,8.55,1.0,0.3,,37.0,2025-08-24T03:56:02,wayback
Binga,2025-08-24T08:00,572.95,-0.6,575.0,-2.05,565.0,7.95,,,,,2025-08-24T03:56:02,wayback
Binga,2025-09-07T08:00,574.19,-0.29,575.0,-0.81,565.0,9.19,4.0,2.0,,250.0,2025-09-09T00:27:09,wayback
Binga,2025-09-08T08:00,573.9,-0.29,575.0,-1.1,565.0,8.9,1.0,0.3,,81.05,2025-09-09T00:27:09,wayback
Binga,2025-09-21T08:00,574.09,-2.01,575.0,-0.91,565.0,9.09,2.0,0.6,,126.37,2025-09-22T07:42:12,wayback
Binga,2025-09-22T08:00,572.08,-2.01,575.0,-2.92,565.0,7.08,4.0,2.0,,300.82,2025-09-22T07:42:12,wayback
Binga,2025-09-23T08:00,573.94,1.86,575.0,-1.06,565.0,8.94,6.0,9.0,,1160.65,2025-09-23T16:12:03,wayback
Binga,2025-10-12T08:00,574.37,-0.11,575.0,-0.63,565.0,9.37,,,,,2025-10-13T08:30:27,wayback
Binga,2025-10-13T08:00,574.26,-0.11,575.0,-0.74,565.0,9.26,,,,,2025-10-13T08:30:27,wayback
Binga,2025-10-26T08:00,573.31,0.08,575.0,-1.69,571.88,1.43,,,,,2025-10-27T21:34:39,wayback
Binga,2025-10-27T08:00,573.39,0.08,575.0,-1.61,572.5,0.89,,,,,2025-10-27T21:34:39,wayback
Binga,2025-11-02T08:00,574.29,-0.23,575.0,-0.71,575.0,-0.71,,,,,2025-11-03T00:50:13,wayback
Binga,2025-11-03T08:00,574.06,-0.23,575.0,-0.94,575.0,-0.94,,,,,2025-11-03T00:50:13,wayback
Binga,2025-11-04T08:00,574.34,0.28,575.0,-0.66,575.0,-0.66,,,,,2025-11-04T21:05:14,wayback
Binga,2025-11-10T08:00,572.78,0.17,575.0,-2.22,575.0,-2.22,6.0,9.5,,1119.42,2025-11-12T00:00:32,wayback
Binga,2025-11-11T08:00,572.95,0.17,575.0,-2.05,575.0,-2.05,6.0,3.5,,432.85,2025-11-12T00:00:32,wayback
Binga,2025-12-08T08:00,574.48,-0.34,575.0,-0.52,574.74,-0.26,1.0,0.5,,87.75,2025-12-09T13:06:46,wayback
Binga,2025-12-09T08:00,574.14,-0.34,575.0,-0.86,574.71,-0.57,1.0,0.3,,59.16,2025-12-09T13:06:46,wayback
Binga,2025-12-12T08:00,574.13,0.41,575.0,-0.87,574.61,-0.48,,,,,2025-12-13T07:48:46,wayback
Binga,2025-12-13T08:00,574.54,0.41,575.0,-0.46,574.58,-0.04,,,,,2025-12-13T07:48:46,wayback
Binga,2025-12-28T08:00,574.43,-0.73,575.0,-0.57,574.1,0.33,,,,,2025-12-29T23:18:31,wayback
Binga,2025-12-29T08:00,573.7,-0.73,575.0,-1.3,574.08,-0.38,,,,,2025-12-29T23:18:31,wayback
Binga,2026-01-22T08:00,573.84,0.3,575.0,-1.16,574.0,-0.16,,,,,2026-01-23T20:25:02,wayback
Binga,2026-01-23T08:00,574.14,0.3,575.0,-0.86,574.0,0.14,,,,,2026-01-23T20:25:02,wayback
Binga,2026-02-05T08:00,572.52,0.25,575.0,-2.48,574.0,-1.48,,,,,2026-02-06T12:00:54,wayback
Binga,2026-02-06T08:00,572.77,0.25,575.0,-2.23,574.0,-1.23,,,,,2026-02-06T12:00:54,wayback
Binga,2026-02-11T08:00,569.18,-0.18,575.0,-5.82,574.0,-4.82,,,,,2026-02-12T00:40:01,wayback
Binga,2026-02-12T08:00,569.0,-0.18,575.0,-6.0,574.0,-5.0,,,,,2026-02-12T00:40:01,wayback
Binga,2026-02-21T08:00,572.87,0.51,575.0,-2.13,574.0,-1.13,,,,,2026-02-22T13:27:52,wayback
Binga,2026-02-22T08:00,573.38,0.51,575.0,-1.62,574.0,-0.62,,,,,2026-02-22T13:27:52,wayback
Binga,2026-02-23T08:00,574.11,0.4,575.0,-0.89,574.0,0.11,,,,,2026-02-24T12:35:24,wayback
Binga,2026-02-24T08:00,574.51,0.4,575.0,-0.49,574.0,0.51,,,,,2026-02-24T12:35:24,wayback
Binga,2026-04-11T08:00,566.97,0.0,575.0,-8.03,570.7,-3.73,,,,,2026-04-12T05:29:07,wayback
Binga,2026-04-12T08:00,566.97,0.0,575.0,-8.03,570.4,-3.43,,,,,2026-04-12T05:29:07,wayback
Binga,2026-04-21T08:00,566.73,-0.01,575.0,-8.27,567.7,-0.97,,,,,2026-04-22T05:05:41,wayback
Binga,2026-04-22T08:00,566.72,-0.01,575.0,-8.28,567.4,-0.68,,,,,2026-04-22T05:05:41,wayback
Binga,2026-05-05T08:00,567.49,-0.29,575.0,-7.51,565.0,2.49,,,,,2026-05-06T05:06:33,wayback
Binga,2026-05-06T08:00,567.2,-0.29,575.0,-7.8,565.0,2.2,,,,,2026-05-06T05:06:33,wayback
Binga,2026-05-23T08:00,566.87,-0.09,575.0,-8.13,565.0,1.87,,,,,2026-05-24T07:14:32,wayback
Binga,2026-05-24T08:00,566.78,-0.09,575.0,-8.22,565.0,1.78,,,,,2026-05-24T07:14:32,wayback
Binga,2026-05-26T08:00,567.89,0.14,575.0,-7.11,565.0,2.89,,,,,2026-05-27T15:50:34,wayback
Binga,2026-05-27T08:00,568.03,0.14,575.0,-6.97,565.0,3.03,,,,,2026-05-27T15:50:34,wayback
Binga,2026-06-29T08:00,567.72,-0.56,575.0,-7.28,565.0,2.72,,,,,2026-06-30T16:47:24,wayback
Binga,2026-06-30T08:00,567.16,-0.56,575.0,-7.84,565.0,2.16,,,,,2026-06-30T16:47:24,wayback
Binga,2026-07-27T08:00,570.61,0.21,575.0,-4.39,565.0,5.61,,,,,2026-07-28T09:06:38,wayback
Binga,2026-07-28T08:00,570.82,0.21,575.0,-4.18,565.0,5.82,,,,,2026-07-28T09:06:38,wayback
Binga,2026-08-06T08:00,571.62,2.13,575.0,-3.38,565.0,6.62,,,,,2026-08-07T13:44:27,live
Binga,2026-08-07T08:00,573.75,2.13,575.0,-1.25,565.0,8.75,,,,,2026-08-07T13:44:27,live
Binga,2026-08-08T08:00,574.34,0.66,575.0,-0.66,565.0,9.34,4.0,2.0,,317.53,2026-08-09T16:37:07,live
Binga,2026-08-09T08:00,575.0,0.66,575.0,0.0,565.0,10.0,6.0,15.0,,1896.0,2026-08-09T16:37:07,live
Binga,2026-08-10T08:00,574.44,-0.56,575.0,-0.56,565.0,9.44,6.0,4.0,,522.56,2026-08-10T15:39:46,live
Binga,2026-08-11T08:00,574.26,-0.18,575.0,-0.74,565.0,9.26,2.0,1.0,,222.14,2026-08-11T02:35:10,live
Binga,2026-08-12T08:00,574.46,0.2,575.0,-0.54,565.0,9.46,3.0,1.3,,259.93,2026-08-12T03:04:55,live
Binga,2026-08-13T08:00,574.81,0.35,575.0,-0.19,565.0,9.81,4.0,2.0,,358.0,2026-08-13T03:08:06,live
Binga,2026-08-14T08:00,574.89,0.08,575.0,-0.11,565.0,9.89,2.0,1.0,,225.66,2026-08-14T03:06:17,live
Caliraya,2021-09-22T06:00,287.71,-0.19,,,,,,,,,2021-09-23T21:36:42,wayback
Caliraya,2021-09-23T06:00,287.52,-0.19,,,,,,,,,2021-09-23T21:36:42,wayback
Caliraya,2021-09-26T06:00,286.88,1.11,,,,,,,,,2021-09-27T12:46:44,wayback
Caliraya,2021-09-27T06:00,287.99,1.11,,,,,,,,,2021-09-27T12:46:44,wayback
Caliraya,2021-10-22T06:00,286.8,-0.36,,,,,,,,,2021-10-23T10:54:56,wayback
Caliraya,2021-10-23T06:00,286.44,-0.36,,,,,,,,,2021-10-23T10:54:56,wayback
Caliraya,2021-10-24T06:00,286.55,0.11,,,,,,,,,2021-10-24T12:36:31,wayback
Caliraya,2021-11-01T06:00,288.0,-0.25,,,,,,,,,2021-11-02T13:56:17,wayback
Caliraya,2021-11-02T06:00,287.75,-0.25,,,,,,,,,2021-11-02T13:56:17,wayback
Caliraya,2021-11-16T06:00,287.33,-0.18,,,,,,,,,2021-11-17T10:54:47,wayback
Caliraya,2021-11-17T06:00,287.15,-0.18,,,,,,,,,2021-11-17T10:54:47,wayback
Caliraya,2021-12-21T06:00,287.6,-0.27,,,,,,,,,2021-12-22T18:20:32,wayback
Caliraya,2021-12-22T06:00,287.33,-0.27,,,,,,,,,2021-12-22T18:20:32,wayback
Caliraya,2021-12-28T06:00,287.34,-0.29,,,,,,,,,2021-12-29T04:37:48,wayback
Caliraya,2021-12-29T06:00,287.05,-0.29,,,,,,,,,2021-12-29T04:37:48,wayback
Caliraya,2022-01-09T06:00,286.32,0.64,,,,,,,,,2022-01-10T01:34:09,wayback
Caliraya,2022-01-10T06:00,286.96,0.64,,,,,,,,,2022-01-10T01:34:09,wayback
Caliraya,2022-01-18T06:00,287.06,-0.35,,,,,,,,,2022-01-19T10:01:15,wayback
Caliraya,2022-01-19T06:00,286.71,-0.35,,,,,,,,,2022-01-19T10:01:15,wayback
Caliraya,2022-04-21T06:00,287.35,-0.38,,,,,,,,,2022-04-22T02:51:37,wayback
Caliraya,2022-04-22T06:00,286.97,-0.38,,,,,,,,,2022-04-22T02:51:37,wayback
Caliraya,2022-06-14T06:00,286.9,-0.31,,,,,,,,,2022-06-15T08:27:45,wayback
Caliraya,2022-06-15T06:00,286.59,-0.31,,,,,,,,,2022-06-15T08:27:45,wayback
Caliraya,2022-06-18T06:00,286.08,-0.1,,,,,,,,,2022-06-19T01:08:25,wayback
Caliraya,2022-06-19T06:00,285.98,-0.1,,,,,,,,,2022-06-19T01:08:25,wayback
Caliraya,2022-06-26T06:00,286.13,1.28,,,,,,,,,2022-06-26T23:01:12,wayback
Caliraya,2022-06-27T06:00,287.41,1.28,,,,,,,,,2022-06-26T23:01:12,wayback
Caliraya,2022-07-01T06:00,287.16,-0.23,,,,,,,,,2022-07-02T03:50:05,wayback
Caliraya,2022-07-02T06:00,286.93,-0.23,,,,,,,,,2022-07-02T03:50:05,wayback
Caliraya,2022-07-04T06:00,287.88,-0.3,,,,,,,,,2022-07-05T08:47:35,wayback
Caliraya,2022-07-05T06:00,287.58,-0.3,,,,,,,,,2022-07-05T08:47:35,wayback
Caliraya,2022-07-16T06:00,286.5,-0.08,,,,,,,,,2022-07-17T00:05:54,wayback
Caliraya,2022-07-17T06:00,286.42,-0.08,,,,,,,,,2022-07-17T00:05:54,wayback
Caliraya,2022-08-01T06:00,287.98,-0.98,,,,,,,,,2022-08-02T22:15:14,wayback
Caliraya,2022-08-02T06:00,287.0,-0.98,,,,,,,,,2022-08-02T22:15:14,wayback
Caliraya,2022-08-03T06:00,287.65,-0.21,,,,,,,,,2022-08-04T20:24:09,wayback
Caliraya,2022-08-04T06:00,287.44,-0.21,,,,,,,,,2022-08-04T20:24:09,wayback
Caliraya,2022-08-05T06:00,287.29,-0.15,,,,,,,,,2022-08-05T04:38:05,wayback
Caliraya,2022-08-06T06:00,287.25,-0.04,,,,,,,,,2022-08-06T08:47:14,wayback
Caliraya,2022-08-07T06:00,287.23,0.77,,,,,,,,,2022-08-08T10:40:56,wayback
Caliraya,2022-08-08T06:00,288.0,0.77,,,,,,,,,2022-08-08T10:40:56,wayback
Caliraya,2022-09-23T06:00,286.22,-0.15,,,,,,,,,2022-09-24T09:51:55,wayback
Caliraya,2022-09-24T06:00,286.07,-0.15,,,,,,,,,2022-09-24T09:51:55,wayback
Caliraya,2022-10-15T06:00,286.53,-0.1,,,,,,,,,2022-10-16T04:09:18,wayback
Caliraya,2022-10-16T06:00,286.43,-0.1,,,,,,,,,2022-10-16T04:09:18,wayback
Caliraya,2022-10-28T06:00,287.17,-0.36,,,,,,,,,2022-10-29T04:08:50,wayback
Caliraya,2022-10-29T06:00,286.81,-0.36,,,,,,,,,2022-10-29T04:08:50,wayback
Caliraya,2022-11-29T06:00,287.51,-0.38,,,,,,,,,2022-11-30T16:24:55,wayback
Caliraya,2022-11-30T06:00,287.13,-0.38,,,,,,,,,2022-11-30T16:24:55,wayback
Caliraya,2022-12-01T06:00,286.86,-0.03,,,,,,,,,2022-12-02T11:16:57,wayback
Caliraya,2022-12-02T06:00,286.83,-0.03,,,,,,,,,2022-12-02T11:16:57,wayback
Caliraya,2022-12-10T06:00,286.76,-0.28,,,,,,,,,2022-12-11T18:30:01,wayback
Caliraya,2022-12-11T06:00,286.48,-0.28,,,,,,,,,2022-12-11T18:30:01,wayback
Caliraya,2023-03-28T06:00,287.75,-0.22,,,,,,,,,2023-03-28T23:37:33,wayback
Caliraya,2023-03-29T06:00,287.53,-0.22,,,,,,,,,2023-03-28T23:37:33,wayback
Caliraya,2023-04-13T06:00,286.66,-0.1,,,,,,,,,2023-04-14T02:12:40,wayback
Caliraya,2023-04-14T06:00,286.56,-0.1,,,,,,,,,2023-04-14T02:12:40,wayback
Caliraya,2023-07-26T06:00,287.12,-0.2,,,,,,,,,2023-07-27T08:11:31,wayback
Caliraya,2023-07-27T06:00,286.92,-0.2,,,,,,,,,2023-07-27T08:11:31,wayback
Caliraya,2023-09-30T06:00,286.34,-0.24,,,,,,,,,2023-10-02T00:34:48,wayback
Caliraya,2023-10-01T06:00,286.1,-0.24,,,,,,,,,2023-10-02T00:34:48,wayback
Caliraya,2023-11-27T06:00,288.19,-0.17,,,,,,,,,2023-11-28T03:16:48,wayback
Caliraya,2023-11-28T06:00,288.02,-0.17,,,,,,,,,2023-11-28T03:16:48,wayback
Caliraya,2024-01-25T06:00,287.09,-0.15,,,,,,,,,2024-01-26T14:31:58,wayback
Caliraya,2024-01-26T06:00,286.94,-0.15,,,,,,,,,2024-01-26T14:31:58,wayback
Caliraya,2024-04-03T06:00,287.58,-0.24,,,,,,,,,2024-04-04T04:56:23,wayback
Caliraya,2024-04-04T06:00,287.34,-0.24,,,,,,,,,2024-04-04T04:56:23,wayback
Caliraya,2024-04-16T06:00,287.0,-0.36,,,,,,,,,2024-04-17T14:38:17,wayback
Caliraya,2024-04-17T06:00,286.64,-0.36,,,,,,,,,2024-04-17T14:38:17,wayback
Caliraya,2024-05-21T08:00,286.81,-0.18,,,,,,,,,2024-05-22T22:03:22,wayback
Caliraya,2024-05-22T08:00,286.63,-0.18,,,,,,,,,2024-05-22T22:03:22,wayback
Caliraya,2024-08-03T08:00,286.96,-1.01,,,,,,,,,2024-08-04T13:50:34,wayback
Caliraya,2024-08-04T08:00,285.95,-1.01,,,,,,,,,2024-08-04T13:50:34,wayback
Caliraya,2024-08-23T08:00,286.46,-0.04,,,,,,,,,2024-08-24T19:16:01,wayback
Caliraya,2024-08-24T08:00,286.42,-0.04,,,,,,,,,2024-08-24T19:16:01,wayback
Caliraya,2024-09-11T08:00,287.17,-0.51,,,,,,,,,2024-09-12T17:45:54,wayback
Caliraya,2024-09-12T20:00,286.66,-0.51,,,,,,,,,2024-09-12T17:45:54,wayback
Caliraya,2024-10-04T08:00,286.78,-0.3,,,,,,,,,2024-10-05T03:55:59,wayback
Caliraya,2024-10-05T08:00,286.48,-0.3,,,,,,,,,2024-10-05T03:55:59,wayback
Caliraya,2024-10-06T08:00,286.54,0.06,,,,,,,,,2024-10-06T18:48:56,wayback
Caliraya,2024-11-16T08:00,286.5,-0.03,,,,,,,,,2024-11-17T17:28:25,wayback
Caliraya,2024-11-17T08:00,286.47,-0.03,,,,,,,,,2024-11-17T17:28:25,wayback
Caliraya,2024-11-22T08:00,286.4,0.01,,,,,,,,,2024-11-23T23:44:53,wayback
Caliraya,2024-11-23T08:00,286.41,0.01,,,,,,,,,2024-11-23T23:44:53,wayback
Caliraya,2024-11-26T08:00,287.23,-0.16,,,,,,,,,2024-11-27T03:09:17,wayback
Caliraya,2024-11-27T08:00,287.07,-0.16,,,,,,,,,2024-11-27T03:09:17,wayback
Caliraya,2024-12-03T08:00,287.87,-0.06,,,,,,,,,2024-12-04T20:10:19,wayback
Caliraya,2024-12-04T08:00,287.81,-0.06,,,,,,,,,2024-12-04T20:10:19,wayback
Caliraya,2024-12-08T08:00,287.47,0.54,,,,,,,,,2024-12-09T09:51:51,wayback
Caliraya,2024-12-09T08:00,288.01,0.54,,,,,,,,,2024-12-09T09:51:51,wayback
Caliraya,2024-12-16T08:00,288.02,-0.02,,,,,,,,,2024-12-17T05:30:59,wayback
Caliraya,2024-12-17T08:00,288.0,-0.02,,,,,,,,,2024-12-17T05:30:59,wayback
Caliraya,2025-02-09T08:00,287.75,0.65,,,,,,,,,2025-02-10T12:40:25,wayback
Caliraya,2025-02-10T08:00,288.4,0.65,,,,,,,,,2025-02-10T12:40:25,wayback
Caliraya,2025-02-16T08:00,287.05,0.8,,,,,,,,,2025-02-17T06:44:06,wayback
Caliraya,2025-02-17T08:00,287.85,0.8,,,,,,,,,2025-02-17T06:44:06,wayback
Caliraya,2025-03-06T08:00,287.07,-0.24,,,,,,,,,2025-03-07T19:36:55,wayback
Caliraya,2025-03-07T08:00,286.83,-0.24,,,,,,,,,2025-03-07T19:36:55,wayback
Caliraya,2025-04-15T08:00,287.6,-0.1,,,,,,,,,2025-04-16T02:03:07,wayback
Caliraya,2025-04-16T08:00,287.5,-0.1,,,,,,,,,2025-04-16T02:03:07,wayback
Caliraya,2025-05-03T08:00,287.11,-0.16,,,,,,,,,2025-05-04T15:19:46,wayback
Caliraya,2025-05-04T08:00,286.95,-0.16,,,,,,,,,2025-05-04T15:19:46,wayback
Caliraya,2025-05-05T08:00,287.93,-0.14,,,,,,,,,2025-05-06T06:04:07,wayback
Caliraya,2025-05-06T08:00,287.79,-0.14,,,,,,,,,2025-05-06T06:04:07,wayback
Caliraya,2025-05-25T08:00,287.46,0.6,,,,,,,,,2025-05-26T17:20:45,wayback
Caliraya,2025-05-26T08:00,288.06,0.6,,,,,,,,,2025-05-26T17:20:45,wayback
Caliraya,2025-06-06T08:00,287.46,-0.23,,,,,,,,,2025-06-07T10:31:20,wayback
Caliraya,2025-06-07T08:00,287.23,-0.23,,,,,,,,,2025-06-07T10:31:20,wayback
Caliraya,2025-06-24T08:00,287.82,-0.27,,,,,,,,,2025-06-25T04:11:08,wayback
Caliraya,2025-06-25T08:00,287.55,-0.27,,,,,,,,,2025-06-25T04:11:08,wayback
Caliraya,2025-07-19T08:00,286.65,0.25,,,,,,,,,2025-07-20T16:58:33,wayback
Caliraya,2025-07-20T08:00,286.9,0.25,,,,,,,,,2025-07-20T16:58:33,wayback
Caliraya,2025-07-21T08:00,287.7,0.16,,,,,,,,,2025-07-22T14:57:07,wayback
Caliraya,2025-07-22T08:00,287.86,0.16,,,,,,,,,2025-07-22T14:57:07,wayback
Caliraya,2025-08-23T08:00,287.19,0.07,,,,,,,,,2025-08-24T03:56:02,wayback
Caliraya,2025-08-24T08:00,287.26,0.07,,,,,,,,,2025-08-24T03:56:02,wayback
Caliraya,2025-09-07T08:00,287.14,0.79,,,,,,,,,2025-09-09T00:27:09,wayback
Caliraya,2025-09-08T08:00,287.93,0.79,,,,,,,,,2025-09-09T00:27:09,wayback
Caliraya,2025-09-21T08:00,287.2,0.85,,,,,,,,,2025-09-22T07:42:12,wayback
Caliraya,2025-09-22T08:00,288.05,0.85,,,,,,,,,2025-09-22T07:42:12,wayback
Caliraya,2025-09-23T08:00,287.98,-0.07,,,,,,,,,2025-09-23T16:12:03,wayback
Caliraya,2025-10-12T08:00,286.94,0.81,,,,,,,,,2025-10-13T08:30:27,wayback
Caliraya,2025-10-13T08:00,287.75,0.81,,,,,,,,,2025-10-13T08:30:27,wayback
Caliraya,2025-10-26T08:00,287.74,0.39,,,,,,,,,2025-10-27T21:34:39,wayback
Caliraya,2025-10-27T08:00,288.13,0.39,,,,,,,,,2025-10-27T21:34:39,wayback
Caliraya,2025-11-02T08:00,287.93,0.06,,,,,,,,,2025-11-03T00:50:13,wayback
Caliraya,2025-11-03T08:00,287.99,0.06,,,,,,,,,2025-11-03T00:50:13,wayback
Caliraya,2025-11-04T08:00,287.56,-0.43,,,,,,,,,2025-11-04T21:05:14,wayback
Caliraya,2025-11-10T08:00,287.29,0.21,,,,,,,,,2025-11-12T00:00:32,wayback
Caliraya,2025-11-11T08:00,287.5,0.21,,,,,,,,,2025-11-12T00:00:32,wayback
Caliraya,2025-12-08T08:00,287.98,-0.12,,,,,,,,,2025-12-09T13:06:46,wayback
Caliraya,2025-12-09T08:00,287.86,-0.12,,,,,,,,,2025-12-09T13:06:46,wayback
Caliraya,2025-12-12T08:00,287.9,-0.08,,,,,,,,,2025-12-13T07:48:46,wayback
Caliraya,2025-12-13T08:00,287.82,-0.08,,,,,,,,,2025-12-13T07:48:46,wayback
Caliraya,2025-12-28T08:00,287.6,0.34,,,,,,,,,2025-12-29T23:18:31,wayback
Caliraya,2025-12-29T08:00,287.94,0.34,,,,,,,,,2025-12-29T23:18:31,wayback
Caliraya,2026-01-22T08:00,287.39,-0.11,,,,,,,,,2026-01-23T20:25:02,wayback
Caliraya,2026-01-23T08:00,287.28,-0.11,,,,,,,,,2026-01-23T20:25:02,wayback
Caliraya,2026-02-05T08:00,287.35,-0.17,,,,,,,,,2026-02-06T12:00:54,wayback
Caliraya,2026-02-06T08:00,287.18,-0.17,,,,,,,,,2026-02-06T12:00:54,wayback
Caliraya,2026-02-11T08:00,287.44,-0.14,,,,,,,,,2026-02-12T00:40:01,wayback
Caliraya,2026-02-12T08:00,287.3,-0.14,,,,,,,,,2026-02-12T00:40:01,wayback
Caliraya,2026-02-21T08:00,286.62,0.03,,,,,,,,,2026-02-22T13:27:52,wayback
Caliraya,2026-02-22T08:00,286.65,0.03,,,,,,,,,2026-02-22T13:27:52,wayback
Caliraya,2026-02-23T08:00,287.45,-0.37,,,,,,,,,2026-02-24T12:35:24,wayback
Caliraya,2026-02-24T08:00,287.08,-0.37,,,,,,,,,2026-02-24T12:35:24,wayback
Caliraya,2026-04-11T08:00,286.1,0.22,,,,,,,,,2026-04-12T05:29:07,wayback
Caliraya,2026-04-12T08:00,286.32,0.22,,,,,,,,,2026-04-12T05:29:07,wayback
Caliraya,2026-04-21T08:00,286.86,-0.33,,,,,,,,,2026-04-22T05:05:41,wayback
Caliraya,2026-04-22T08:00,286.53,-0.33,,,,,,,,,2026-04-22T05:05:41,wayback
Caliraya,2026-05-05T08:00,286.26,-0.14,,,,,,,,,2026-05-06T05:06:33,wayback
Caliraya,2026-05-06T08:00,286.12,-0.14,,,,,,,,,2026-05-06T05:06:33,wayback
Caliraya,2026-05-23T08:00,285.97,0.25,,,,,,,,,2026-05-24T07:14:32,wayback
Caliraya,2026-05-24T08:00,286.22,0.25,,,,,,,,,2026-05-24T07:14:32,wayback
Caliraya,2026-05-26T08:00,286.45,-0.44,,,,,,,,,2026-05-27T15:50:34,wayback
Caliraya,2026-05-27T08:00,286.01,-0.44,,,,,,,,,2026-05-27T15:50:34,wayback
Caliraya,2026-06-29T08:00,286.46,0.0,,,,,,,,,2026-06-30T16:47:24,wayback
Caliraya,2026-06-30T08:00,286.46,0.0,,,,,,,,,2026-06-30T16:47:24,wayback
Caliraya,2026-07-27T08:00,287.13,-0.12,,,,,,,,,2026-07-28T09:06:38,wayback
Caliraya,2026-07-28T08:00,287.01,-0.12,,,,,,,,,2026-07-28T09:06:38,wayback
Caliraya,2026-08-06T08:00,286.91,-0.13,,,,,,,,,2026-08-07T13:44:27,live
Caliraya,2026-08-07T08:00,286.78,-0.13,,,,,,,,,2026-08-07T13:44:27,live
Caliraya,2026-08-08T08:00,286.75,0.24,,,,,,,,,2026-08-09T16:37:07,live
Caliraya,2026-08-09T08:00,286.99,0.24,,,,,,,,,2026-08-09T16:37:07,live
Caliraya,2026-08-10T08:00,287.18,0.19,,,,,,,,,2026-08-10T15:39:46,live
Caliraya,2026-08-11T08:00,286.93,-0.25,,,,,,,,,2026-08-11T02:35:10,live
Caliraya,2026-08-12T08:00,286.57,-0.36,,,,,,,,,2026-08-12T03:04:55,live
Caliraya,2026-08-13T08:00,286.33,-0.24,,,,,,,,,2026-08-13T03:08:06,live
Caliraya,2026-08-14T08:00,286.38,0.05,,,,,,,,,2026-08-14T03:06:17,live
Ipo,2021-09-22T06:00,99.58,-0.03,101.0,-1.42,,,,,,,2021-09-23T21:36:42,wayback
Ipo,2021-09-23T06:00,99.55,-0.03,101.0,-1.45,,,,,,,2021-09-23T21:36:42,wayback
Ipo,2021-09-26T06:00,99.52,-0.01,101.0,-1.48,,,,,,,2021-09-27T12:46:44,wayback
Ipo,2021-09-27T06:00,99.51,-0.01,101.0,-1.49,,,,,,,2021-09-27T12:46:44,wayback
Ipo,2021-10-22T06:00,99.49,0.05,101.0,-1.51,,,,,,,2021-10-23T10:54:56,wayback
Ipo,2021-10-23T06:00,99.54,0.05,101.0,-1.46,,,,,,,2021-10-23T10:54:56,wayback
Ipo,2021-10-24T06:00,99.56,0.02,101.0,-1.44,,,,,,,2021-10-24T12:36:31,wayback
Ipo,2021-11-01T06:00,99.69,-0.08,101.0,-1.31,,,,,,,2021-11-02T13:56:17,wayback
Ipo,2021-11-02T06:00,99.61,-0.08,101.0,-1.39,,,,,,,2021-11-02T13:56:17,wayback
Ipo,2021-11-16T06:00,98.78,0.0,101.0,-2.22,,,,,,,2021-11-17T10:54:47,wayback
Ipo,2021-11-17T06:00,98.78,0.0,101.0,-2.22,,,,,,,2021-11-17T10:54:47,wayback
Ipo,2021-12-21T06:00,98.92,-0.03,101.0,-2.08,,,,,,,2021-12-22T18:20:32,wayback
Ipo,2021-12-22T06:00,98.89,-0.03,101.0,-2.11,,,,,,,2021-12-22T18:20:32,wayback
Ipo,2021-12-28T06:00,98.87,-0.04,101.0,-2.13,,,,,,,2021-12-29T04:37:48,wayback
Ipo,2021-12-29T06:00,98.83,-0.04,101.0,-2.17,,,,,,,2021-12-29T04:37:48,wayback
Ipo,2022-01-09T06:00,98.71,0.01,101.0,-2.29,,,,,,,2022-01-10T01:34:09,wayback
Ipo,2022-01-10T06:00,98.72,0.01,101.0,-2.28,,,,,,,2022-01-10T01:34:09,wayback
Ipo,2022-01-18T06:00,98.67,0.0,101.0,-2.33,,,,,,,2022-01-19T10:01:15,wayback
Ipo,2022-01-19T06:00,98.67,0.0,101.0,-2.33,,,,,,,2022-01-19T10:01:15,wayback
Ipo,2022-04-21T06:00,99.96,0.07,101.0,-1.04,,,,,,,2022-04-22T02:51:37,wayback
Ipo,2022-04-22T06:00,100.03,0.07,101.0,-0.97,,,,,,,2022-04-22T02:51:37,wayback
Ipo,2022-06-14T06:00,100.4,-0.07,101.0,-0.6,,,,,,,2022-06-15T08:27:45,wayback
Ipo,2022-06-15T06:00,100.33,-0.07,101.0,-0.67,,,,,,,2022-06-15T08:27:45,wayback
Ipo,2022-06-18T06:00,100.12,0.45,101.0,-0.98,,,,,,,2022-06-19T01:08:25,wayback
Ipo,2022-06-19T06:00,100.57,0.45,101.0,-0.43,,,,,,,2022-06-19T01:08:25,wayback
Ipo,2022-06-26T06:00,99.9,-0.09,101.0,-1.1,,,,,,,2022-06-26T23:01:12,wayback
Ipo,2022-06-27T06:00,99.81,-0.09,101.0,-1.19,,,,,,,2022-06-26T23:01:12,wayback
Ipo,2022-07-01T06:00,99.74,-0.3,101.1,-1.26,,,,,,,2022-07-02T03:50:05,wayback
Ipo,2022-07-02T06:00,99.44,-0.3,101.1,-1.66,,,,,,,2022-07-02T03:50:05,wayback
Ipo,2022-07-04T06:00,99.3,-0.01,101.0,-1.7,,,,,,,2022-07-05T08:47:35,wayback
Ipo,2022-07-05T06:00,99.29,-0.01,101.0,-1.71,,,,,,,2022-07-05T08:47:35,wayback
Ipo,2022-07-16T06:00,99.91,0.16,101.0,-1.19,,,,,,,2022-07-17T00:05:54,wayback
Ipo,2022-07-17T06:00,100.07,0.16,101.0,-0.93,,,,,,,2022-07-17T00:05:54,wayback
Ipo,2022-08-01T06:00,100.14,0.53,101.0,-0.86,,,,,,,2022-08-02T22:15:14,wayback
Ipo,2022-08-02T06:00,100.67,0.53,101.0,-0.33,,,,,,,2022-08-02T22:15:14,wayback
Ipo,2022-08-03T06:00,100.64,0.04,101.0,-0.36,,,,,,,2022-08-04T20:24:09,wayback
Ipo,2022-08-04T06:00,100.68,0.04,101.0,-0.32,,,,,,,2022-08-04T20:24:09,wayback
Ipo,2022-08-05T06:00,100.67,-0.01,101.0,-0.33,,,,,,,2022-08-05T04:38:05,wayback
Ipo,2022-08-06T06:00,101.04,0.37,101.1,-0.06,,,,,,,2022-08-06T08:47:14,wayback
Ipo,2022-08-07T06:00,100.84,0.02,101.0,-0.16,,,,,,,2022-08-08T10:40:56,wayback
Ipo,2022-08-08T06:00,100.86,0.02,101.0,-0.14,,,,,,,2022-08-08T10:40:56,wayback
Ipo,2022-09-23T06:00,100.61,0.43,101.0,-0.39,,,,,,,2022-09-24T09:51:55,wayback
Ipo,2022-09-24T06:00,101.04,0.43,101.0,0.04,,,,,,,2022-09-24T09:51:55,wayback
Ipo,2022-10-15T06:00,99.2,-0.01,101.0,-1.8,,,,,,,2022-10-16T04:09:18,wayback
Ipo,2022-10-16T06:00,99.19,-0.01,101.0,-1.81,,,,,,,2022-10-16T04:09:18,wayback
Ipo,2022-10-28T06:00,99.81,0.09,101.0,-1.19,,,,,,,2022-10-29T04:08:50,wayback
Ipo,2022-10-29T06:00,99.9,0.09,101.0,-1.1,,,,,,,2022-10-29T04:08:50,wayback
Ipo,2022-11-29T06:00,99.91,0.0,101.0,-1.09,,,,,,,2022-11-30T16:24:55,wayback
Ipo,2022-11-30T06:00,99.91,0.0,101.0,-1.09,,,,,,,2022-11-30T16:24:55,wayback
Ipo,2022-12-01T06:00,99.93,-0.08,101.0,-1.07,,,,,,,2022-12-02T11:16:57,wayback
Ipo,2022-12-02T06:00,99.85,-0.08,101.0,-1.15,,,,,,,2022-12-02T11:16:57,wayback
Ipo,2022-12-10T06:00,99.81,-0.06,101.0,-1.29,,,,,,,2022-12-11T18:30:01,wayback
Ipo,2022-12-11T06:00,99.75,-0.06,101.0,-1.25,,,,,,,2022-12-11T18:30:01,wayback
Ipo,2023-03-28T06:00,98.73,0.0,101.0,-2.27,,,,,,,2023-03-28T23:37:33,wayback
Ipo,2023-03-29T06:00,98.73,0.0,101.0,-2.27,,,,,,,2023-03-28T23:37:33,wayback
Ipo,2023-04-13T06:00,98.71,0.39,101.1,-2.29,,,,,,,2023-04-14T02:12:40,wayback
Ipo,2023-04-14T06:00,99.1,0.39,101.1,-2.0,,,,,,,2023-04-14T02:12:40,wayback
Ipo,2023-07-26T06:00,99.5,1.05,101.0,-1.5,,,,,,,2023-07-27T08:11:31,wayback
Ipo,2023-07-27T06:00,100.55,1.05,101.0,-0.45,,,,,,,2023-07-27T08:11:31,wayback
Ipo,2023-09-30T06:00,100.73,0.23,101.0,-0.27,,,,,,,2023-10-02T00:34:48,wayback
Ipo,2023-10-01T06:00,100.96,0.23,101.0,-0.04,,,,,,,2023-10-02T00:34:48,wayback
Ipo,2023-11-27T06:00,101.03,-0.06,101.0,0.03,,,,,,,2023-11-28T03:16:48,wayback
Ipo,2023-11-28T06:00,100.97,-0.06,101.0,-0.03,,,,,,,2023-11-28T03:16:48,wayback
Ipo,2024-01-25T06:00,98.02,0.21,101.0,-2.98,,,,,,,2024-01-26T14:31:58,wayback
Ipo,2024-01-26T06:00,98.23,0.21,101.0,-2.77,,,,,,,2024-01-26T14:31:58,wayback
Ipo,2024-04-03T06:00,99.94,-0.04,101.0,-1.06,,,,,,,2024-04-04T04:56:23,wayback
Ipo,2024-04-04T06:00,99.9,-0.04,101.0,-1.1,,,,,,,2024-04-04T04:56:23,wayback
Ipo,2024-04-16T06:00,99.8,-0.02,101.0,-1.2,,,,,,,2024-04-17T14:38:17,wayback
Ipo,2024-04-17T06:00,99.78,-0.02,101.0,-1.22,,,,,,,2024-04-17T14:38:17,wayback
Ipo,2024-04-29T08:00,99.87,0.0,101.0,-1.13,,,,,,,2024-04-30T16:37:36,wayback
Ipo,2024-04-30T08:00,99.87,0.0,101.0,-1.13,,,,,,,2024-04-30T16:37:36,wayback
Ipo,2024-05-02T08:00,99.88,0.0,101.0,-1.12,,,,,,,2024-05-03T14:04:21,wayback
Ipo,2024-05-03T08:00,99.88,0.0,101.0,-1.12,,,,,,,2024-05-03T14:04:21,wayback
Ipo,2024-05-21T08:00,99.61,0.03,101.1,-1.49,,,,,,,2024-05-22T22:03:22,wayback
Ipo,2024-05-22T08:00,99.64,0.03,101.1,-1.46,,,,,,,2024-05-22T22:03:22,wayback
Ipo,2024-08-03T08:00,100.37,-0.02,101.0,-0.73,,,,,,,2024-08-04T13:50:34,wayback
Ipo,2024-08-04T08:00,100.35,-0.02,101.0,-0.65,,,,,,,2024-08-04T13:50:34,wayback
Ipo,2024-08-23T08:00,100.32,0.02,101.1,-0.78,,,,,,,2024-08-24T19:16:01,wayback
Ipo,2024-08-24T08:00,100.34,0.02,101.1,-0.76,,,,,,,2024-08-24T19:16:01,wayback
Ipo,2024-09-11T08:00,100.71,-0.27,101.1,-0.39,,,,,,,2024-09-12T17:45:54,wayback
Ipo,2024-09-12T20:00,100.44,-0.27,101.1,-0.66,,,,,,,2024-09-12T17:45:54,wayback
Ipo,2024-10-04T08:00,100.84,0.0,101.1,-0.26,,,,,,,2024-10-05T03:55:59,wayback
Ipo,2024-10-05T08:00,100.84,0.0,101.1,-0.26,,,,,,,2024-10-05T03:55:59,wayback
Ipo,2024-10-06T08:00,100.85,0.01,101.1,-0.25,,,,,,,2024-10-06T18:48:56,wayback
Ipo,2024-11-16T08:00,100.16,-0.14,101.1,-0.94,,,,,,,2024-11-17T17:28:25,wayback
Ipo,2024-11-17T08:00,100.02,-0.14,101.1,-1.08,,,,,,,2024-11-17T17:28:25,wayback
Ipo,2024-11-22T08:00,100.7,-0.19,101.1,-0.4,,,,,,,2024-11-23T23:44:53,wayback
Ipo,2024-11-23T08:00,100.51,-0.19,101.1,-0.59,,,,,,,2024-11-23T23:44:53,wayback
Ipo,2024-11-26T08:00,101.0,-0.47,101.1,-0.1,,,,,,,2024-11-27T03:09:17,wayback
Ipo,2024-11-27T08:00,100.53,-0.47,101.1,-0.57,,,,,,,2024-11-27T03:09:17,wayback
Ipo,2024-12-03T08:00,100.6,-0.07,101.1,-0.5,,,,,,,2024-12-04T20:10:19,wayback
Ipo,2024-12-04T08:00,100.53,-0.07,101.1,-0.57,,,,,,,2024-12-04T20:10:19,wayback
Ipo,2024-12-08T08:00,100.17,0.2,101.1,-0.93,,,,,,,2024-12-09T09:51:51,wayback
Ipo,2024-12-09T08:00,100.37,0.2,101.1,-0.73,,,,,,,2024-12-09T09:51:51,wayback
Ipo,2024-12-16T08:00,100.32,-0.21,101.1,-0.78,,,,,,,2024-12-17T05:30:59,wayback
Ipo,2024-12-17T08:00,100.11,-0.21,101.1,-0.99,,,,,,,2024-12-17T05:30:59,wayback
Ipo,2025-02-09T08:00,99.73,0.22,101.1,-1.37,,,,,,,2025-02-10T12:40:25,wayback
Ipo,2025-02-10T08:00,99.95,0.22,101.1,-1.15,,,,,,,2025-02-10T12:40:25,wayback
Ipo,2025-02-16T08:00,100.65,-0.14,101.1,-0.45,,,,,,,2025-02-17T06:44:06,wayback
Ipo,2025-02-17T08:00,100.51,-0.14,101.1,-0.59,,,,,,,2025-02-17T06:44:06,wayback
Ipo,2025-03-06T08:00,100.37,0.2,101.1,-0.73,,,,,,,2025-03-07T19:36:55,wayback
Ipo,2025-03-07T08:00,100.57,0.2,101.1,-0.53,,,,,,,2025-03-07T19:36:55,wayback
Ipo,2025-04-15T08:00,100.86,-0.09,101.1,-0.24,,,,,,,2025-04-16T02:03:07,wayback
Ipo,2025-04-16T08:00,100.77,-0.09,101.1,-0.33,,,,,,,2025-04-16T02:03:07,wayback
Ipo,2025-05-03T08:00,100.82,-0.05,101.1,-0.28,,,,,,,2025-05-04T15:19:46,wayback
Ipo,2025-05-04T08:00,100.77,-0.05,101.1,-0.33,,,,,,,2025-05-04T15:19:46,wayback
Ipo,2025-05-05T08:00,100.6,0.2,101.1,-0.5,,,,,,,2025-05-06T06:04:07,wayback
Ipo,2025-05-06T08:00,100.8,0.2,101.1,-0.3,,,,,,,2025-05-06T06:04:07,wayback
Ipo,2025-05-25T08:00,100.16,-0.08,101.1,-0.94,,,,,,,2025-05-26T17:20:45,wayback
Ipo,2025-05-26T08:00,100.08,-0.08,101.1,-1.02,,,,,,,2025-05-26T17:20:45,wayback
Ipo,2025-06-06T08:00,100.14,0.15,101.1,-0.96,,,,,,,2025-06-07T10:31:20,wayback
Ipo,2025-06-07T08:00,100.29,0.15,101.1,-0.81,,,,,,,2025-06-07T10:31:20,wayback
Ipo,2025-06-24T08:00,100.15,0.27,101.1,-0.95,,,,,,,2025-06-25T04:11:08,wayback
Ipo,2025-06-25T08:00,100.42,0.27,101.1,-0.68,,,,,,,2025-06-25T04:11:08,wayback
Ipo,2025-07-19T08:00,100.42,0.08,101.1,-0.68,,,,,,,2025-07-20T16:58:33,wayback
Ipo,2025-07-20T08:00,100.5,0.08,101.1,-0.6,,,1.0,1.0,,112.5,2025-07-20T16:58:33,wayback
Ipo,2025-07-21T08:00,100.54,-0.26,101.1,-0.56,,,1.0,0.5,,65.7,2025-07-22T14:57:07,wayback
Ipo,2025-07-22T08:00,100.28,-0.26,101.1,-0.82,,,1.0,0.8,,92.9,2025-07-22T14:57:07,wayback
Ipo,2025-08-23T08:00,100.86,-0.11,101.1,-0.24,,,,,,,2025-08-24T03:56:02,wayback
Ipo,2025-08-24T08:00,100.75,-0.11,101.1,-0.35,,,,,,,2025-08-24T03:56:02,wayback
Ipo,2025-09-07T08:00,100.56,0.27,101.1,-0.54,,,,,,,2025-09-09T00:27:09,wayback
Ipo,2025-09-08T08:00,100.83,0.27,101.1,-0.27,,,,,,,2025-09-09T00:27:09,wayback
Ipo,2025-09-21T08:00,100.67,0.36,101.1,-0.43,,,,,,,2025-09-22T07:42:12,wayback
Ipo,2025-09-22T08:00,101.03,0.36,101.1,-0.07,,,,,,,2025-09-22T07:42:12,wayback
Ipo,2025-09-23T08:00,100.94,-0.09,101.1,-0.16,,,1.0,0.3,,60.2,2025-09-23T16:12:03,wayback
Ipo,2025-10-12T08:00,100.81,-0.06,101.1,-0.29,,,,,,,2025-10-13T08:30:27,wayback
Ipo,2025-10-13T08:00,100.75,-0.06,101.1,-0.35,,,,,,,2025-10-13T08:30:27,wayback
Ipo,2025-10-26T08:00,100.66,0.09,101.1,-0.44,,,,,,,2025-10-27T21:34:39,wayback
Ipo,2025-10-27T08:00,100.75,0.09,101.1,-0.35,,,,,,,2025-10-27T21:34:39,wayback
Ipo,2025-11-02T08:00,100.67,0.17,101.1,-0.43,,,,,,,2025-11-03T00:50:13,wayback
Ipo,2025-11-03T08:00,100.84,0.17,101.1,-0.26,,,,,,,2025-11-03T00:50:13,wayback
Ipo,2025-11-04T08:00,100.9,0.06,101.1,-0.2,,,,,,,2025-11-04T21:05:14,wayback
Ipo,2025-11-10T08:00,100.95,-0.33,101.1,-0.15,,,3.0,3.5,,497.5,2025-11-12T00:00:32,wayback
Ipo,2025-11-11T08:00,100.62,-0.33,101.1,-0.48,,,3.0,3.0,,417.0,2025-11-12T00:00:32,wayback
Ipo,2025-12-08T08:00,100.56,-0.51,101.1,-0.54,,,,,,,2025-12-09T13:06:46,wayback
Ipo,2025-12-09T08:00,100.05,-0.51,101.1,-1.05,,,,,,,2025-12-09T13:06:46,wayback
Ipo,2025-12-12T08:00,100.85,0.01,101.1,-0.25,,,,,,,2025-12-13T07:48:46,wayback
Ipo,2025-12-13T08:00,100.86,0.01,101.1,-0.24,,,,,,,2025-12-13T07:48:46,wayback
Ipo,2025-12-28T08:00,100.86,0.06,101.1,-0.24,,,1.0,0.3,,48.2,2025-12-29T23:18:31,wayback
Ipo,2025-12-29T08:00,100.92,0.06,101.1,-0.18,,,1.0,0.3,,48.2,2025-12-29T23:18:31,wayback
Ipo,2026-01-22T08:00,100.77,0.1,101.1,-0.33,,,,,,,2026-01-23T20:25:02,wayback
Ipo,2026-01-23T08:00,100.87,0.1,101.1,-0.23,,,,,,,2026-01-23T20:25:02,wayback
Ipo,2026-02-05T08:00,100.81,-0.03,101.1,-0.29,,,,,,,2026-02-06T12:00:54,wayback
Ipo,2026-02-06T08:00,100.78,-0.03,101.1,-0.32,,,,,,,2026-02-06T12:00:54,wayback
Ipo,2026-02-11T08:00,100.84,-0.01,101.1,-0.26,,,,,,,2026-02-12T00:40:01,wayback
Ipo,2026-02-12T08:00,100.83,-0.01,101.1,-0.27,,,,,,,2026-02-12T00:40:01,wayback
Ipo,2026-02-21T08:00,100.54,-0.24,101.1,-0.56,,,,,,,2026-02-22T13:27:52,wayback
Ipo,2026-02-22T08:00,100.3,-0.24,101.1,-0.8,,,,,,,2026-02-22T13:27:52,wayback
Ipo,2026-02-23T08:00,100.46,0.14,101.1,-0.64,,,,,,,2026-02-24T12:35:24,wayback
Ipo,2026-02-24T08:00,100.6,0.14,101.1,-0.5,,,,,,,2026-02-24T12:35:24,wayback
Ipo,2026-04-11T08:00,100.76,-0.43,101.1,-0.34,,,,,,,2026-04-12T05:29:07,wayback
Ipo,2026-04-12T08:00,100.33,-0.43,101.1,-0.77,,,,,,,2026-04-12T05:29:07,wayback
Ipo,2026-04-21T08:00,100.53,0.1,101.1,-0.57,,,,,,,2026-04-22T05:05:41,wayback
Ipo,2026-04-22T08:00,100.63,0.1,101.1,-0.47,,,,,,,2026-04-22T05:05:41,wayback
Ipo,2026-05-05T08:00,100.49,-0.38,101.1,-0.61,,,,,,,2026-05-06T05:06:33,wayback
Ipo,2026-05-06T08:00,100.11,-0.38,101.1,-0.99,,,,,,,2026-05-06T05:06:33,wayback
Ipo,2026-05-23T08:00,100.24,-0.06,101.1,-0.86,,,,,,,2026-05-24T07:14:32,wayback
Ipo,2026-05-24T08:00,100.18,-0.06,101.1,-0.92,,,,,,,2026-05-24T07:14:32,wayback
Ipo,2026-05-26T08:00,100.42,0.06,101.1,-0.68,,,,,,,2026-05-27T15:50:34,wayback
Ipo,2026-05-27T08:00,100.48,0.06,101.1,-0.62,,,,,,,2026-05-27T15:50:34,wayback
Ipo,2026-06-29T08:00,100.18,0.07,101.1,-0.92,,,,,,,2026-06-30T16:47:24,wayback
Ipo,2026-06-30T08:00,100.25,0.07,101.1,-0.85,,,,,,,2026-06-30T16:47:24,wayback
Ipo,2026-07-27T08:00,99.79,-0.19,101.1,-1.31,,,,,,,2026-07-28T09:06:38,wayback
Ipo,2026-07-28T08:00,99.6,-0.19,101.1,-1.5,,,,,,,2026-07-28T09:06:38,wayback
Ipo,2026-08-06T08:00,100.06,0.27,101.1,-1.04,,,,,,,2026-08-07T13:44:27,live
Ipo,2026-08-07T08:00,100.33,0.27,101.1,-0.77,,,,,,,2026-08-07T13:44:27,live
Ipo,2026-08-08T08:00,100.28,1.5,101.1,-0.82,,,,,,,2026-08-09T16:37:07,live
Ipo,2026-08-09T08:00,101.78,1.5,101.1,0.68,,,,,,,2026-08-09T16:37:07,live
Ipo,2026-08-10T08:00,100.59,-1.19,101.1,-0.51,,,1.0,0.3,,59.3,2026-08-10T15:39:46,live
Ipo,2026-08-11T08:00,100.63,0.04,101.1,-0.47,,,1.0,0.15,,39.4,2026-08-11T02:35:10,live
Ipo,2026-08-12T08:00,100.74,0.11,101.1,-0.36,,,,,,,2026-08-12T03:04:55,live
Ipo,2026-08-13T08:00,100.93,0.19,101.1,-0.17,,,,,,,2026-08-13T03:08:06,live
Ipo,2026-08-14T08:00,100.7,-0.23,101.1,-0.4,,,,,,,2026-08-14T03:06:17,live
La Mesa,2021-09-22T06:00,78.35,0.08,80.15,-1.8,,,,,,,2021-09-23T21:36:42,wayback
La Mesa,2021-09-23T06:00,78.43,0.08,80.15,-1.72,,,,,,,2021-09-23T21:36:42,wayback
La Mesa,2021-09-26T06:00,78.76,0.08,80.15,-1.39,,,,,,,2021-09-27T12:46:44,wayback
La Mesa,2021-09-27T06:00,78.84,0.08,80.15,-1.31,,,,,,,2021-09-27T12:46:44,wayback
La Mesa,2021-10-22T06:00,79.16,-0.02,80.15,-0.99,,,,,,,2021-10-23T10:54:56,wayback
La Mesa,2021-10-23T06:00,79.14,-0.02,80.15,-1.01,,,,,,,2021-10-23T10:54:56,wayback
La Mesa,2021-10-24T06:00,79.13,-0.01,80.15,-1.02,,,,,,,2021-10-24T12:36:31,wayback
La Mesa,2021-11-01T06:00,79.09,0.01,80.15,-1.06,,,,,,,2021-11-02T13:56:17,wayback
La Mesa,2021-11-02T06:00,79.1,0.01,80.15,-1.05,,,,,,,2021-11-02T13:56:17,wayback
La Mesa,2021-11-16T06:00,79.17,0.0,80.15,-0.98,,,,,,,2021-11-17T10:54:47,wayback
La Mesa,2021-11-17T06:00,79.17,0.0,80.15,-0.98,,,,,,,2021-11-17T10:54:47,wayback
La Mesa,2021-12-21T06:00,79.12,0.02,80.15,-1.03,,,,,,,2021-12-22T18:20:32,wayback
La Mesa,2021-12-22T06:00,79.14,0.02,80.15,-1.01,,,,,,,2021-12-22T18:20:32,wayback
La Mesa,2021-12-28T06:00,79.34,0.02,80.15,-0.81,,,,,,,2021-12-29T04:37:48,wayback
La Mesa,2021-12-29T06:00,79.36,0.02,80.15,-0.79,,,,,,,2021-12-29T04:37:48,wayback
La Mesa,2022-01-09T06:00,79.25,-0.01,80.15,-0.9,,,,,,,2022-01-10T01:34:09,wayback
La Mesa,2022-01-10T06:00,79.24,-0.01,80.15,-0.91,,,,,,,2022-01-10T01:34:09,wayback
La Mesa,2022-01-18T06:00,79.17,-0.01,80.15,-0.98,,,,,,,2022-01-19T10:01:15,wayback
La Mesa,2022-01-19T06:00,79.16,-0.01,80.15,-0.99,,,,,,,2022-01-19T10:01:15,wayback
La Mesa,2022-04-21T06:00,78.79,0.05,80.15,-1.36,,,,,,,2022-04-22T02:51:37,wayback
La Mesa,2022-04-22T06:00,78.84,0.05,80.15,-1.31,,,,,,,2022-04-22T02:51:37,wayback
La Mesa,2022-06-14T06:00,78.91,0.01,80.15,-1.24,,,,,,,2022-06-15T08:27:45,wayback
La Mesa,2022-06-15T06:00,78.92,0.01,80.15,-1.23,,,,,,,2022-06-15T08:27:45,wayback
La Mesa,2022-06-18T06:00,78.99,-0.03,80.15,-1.16,,,,,,,2022-06-19T01:08:25,wayback
La Mesa,2022-06-19T06:00,78.96,-0.03,80.15,-1.19,,,,,,,2022-06-19T01:08:25,wayback
La Mesa,2022-06-26T06:00,78.97,0.0,80.15,-1.18,,,,,,,2022-06-26T23:01:12,wayback
La Mesa,2022-06-27T06:00,78.97,0.0,80.15,-1.18,,,,,,,2022-06-26T23:01:12,wayback
La Mesa,2022-07-01T06:00,78.97,0.03,80.15,-1.18,,,,,,,2022-07-02T03:50:05,wayback
La Mesa,2022-07-02T06:00,79.0,0.03,80.15,-1.15,,,,,,,2022-07-02T03:50:05,wayback
La Mesa,2022-07-04T06:00,78.94,0.01,80.15,-1.21,,,,,,,2022-07-05T08:47:35,wayback
La Mesa,2022-07-05T06:00,78.95,0.01,80.15,-1.2,,,,,,,2022-07-05T08:47:35,wayback
La Mesa,2022-07-16T06:00,79.25,0.12,80.15,-0.9,,,,,,,2022-07-17T00:05:54,wayback
La Mesa,2022-07-17T06:00,79.37,0.12,80.15,-0.78,,,,,,,2022-07-17T00:05:54,wayback
La Mesa,2022-08-01T06:00,79.24,0.12,80.15,-0.91,,,,,,,2022-08-02T22:15:14,wayback
La Mesa,2022-08-02T06:00,79.36,0.12,80.15,-0.79,,,,,,,2022-08-02T22:15:14,wayback
La Mesa,2022-08-03T06:00,79.37,0.03,80.15,-0.78,,,,,,,2022-08-04T20:24:09,wayback
La Mesa,2022-08-04T06:00,79.4,0.03,80.15,-0.75,,,,,,,2022-08-04T20:24:09,wayback
La Mesa,2022-08-05T06:00,79.38,-0.02,80.15,-0.77,,,,,,,2022-08-05T04:38:05,wayback
La Mesa,2022-08-06T06:00,79.48,0.1,80.15,-0.67,,,,,,,2022-08-06T08:47:14,wayback
La Mesa,2022-08-07T06:00,79.38,0.0,80.15,-0.77,,,,,,,2022-08-08T10:40:56,wayback
La Mesa,2022-08-08T06:00,79.38,0.0,80.15,-0.77,,,,,,,2022-08-08T10:40:56,wayback
La Mesa,2022-09-23T06:00,79.56,-0.11,80.15,-0.59,,,,,,,2022-09-24T09:51:55,wayback
La Mesa,2022-09-24T06:00,79.45,-0.11,80.15,-0.7,,,,,,,2022-09-24T09:51:55,wayback
La Mesa,2022-10-15T06:00,78.81,-0.01,80.15,-1.34,,,,,,,2022-10-16T04:09:18,wayback
La Mesa,2022-10-16T06:00,78.8,-0.01,80.15,-1.35,,,,,,,2022-10-16T04:09:18,wayback
La Mesa,2022-10-28T06:00,78.89,-0.04,80.15,-1.26,,,,,,,2022-10-29T04:08:50,wayback
La Mesa,2022-10-29T06:00,78.85,-0.04,80.15,-1.3,,,,,,,2022-10-29T04:08:50,wayback
La Mesa,2022-11-29T06:00,78.48,-0.04,80.15,-1.67,,,,,,,2022-11-30T16:24:55,wayback
La Mesa,2022-11-30T06:00,78.44,-0.04,80.15,-1.71,,,,,,,2022-11-30T16:24:55,wayback
La Mesa,2022-12-01T06:00,78.38,-0.01,80.15,-1.77,,,,,,,2022-12-02T11:16:57,wayback
La Mesa,2022-12-02T06:00,78.37,-0.01,80.15,-1.78,,,,,,,2022-12-02T11:16:57,wayback
La Mesa,2022-12-10T06:00,78.08,-0.04,80.15,-2.07,,,,,,,2022-12-11T18:30:01,wayback
La Mesa,2022-12-11T06:00,78.04,-0.04,80.15,-2.11,,,,,,,2022-12-11T18:30:01,wayback
La Mesa,2023-03-28T06:00,76.49,-0.01,80.15,-3.66,,,,,,,2023-03-28T23:37:33,wayback
La Mesa,2023-03-29T06:00,76.48,-0.01,80.15,-3.67,,,,,,,2023-03-28T23:37:33,wayback
La Mesa,2023-04-13T06:00,76.93,0.09,80.15,-3.22,,,,,,,2023-04-14T02:12:40,wayback
La Mesa,2023-04-14T06:00,77.02,0.09,80.15,-3.13,,,,,,,2023-04-14T02:12:40,wayback
La Mesa,2023-07-26T06:00,79.14,0.09,80.15,-1.01,,,,,,,2023-07-27T08:11:31,wayback
La Mesa,2023-07-27T06:00,79.23,0.09,80.15,-0.92,,,,,,,2023-07-27T08:11:31,wayback
La Mesa,2023-09-30T06:00,79.51,0.06,80.15,-0.64,,,,,,,2023-10-02T00:34:48,wayback
La Mesa,2023-10-01T06:00,79.57,0.06,80.15,-0.58,,,,,,,2023-10-02T00:34:48,wayback
La Mesa,2023-11-27T06:00,79.83,-0.01,80.15,-0.32,,,,,,,2023-11-28T03:16:48,wayback
La Mesa,2023-11-28T06:00,79.82,-0.01,80.15,-0.33,,,,,,,2023-11-28T03:16:48,wayback
La Mesa,2024-01-25T06:00,79.22,-0.08,80.15,-0.93,,,,,,,2024-01-26T14:31:58,wayback
La Mesa,2024-01-26T06:00,79.14,-0.08,80.15,-1.01,,,,,,,2024-01-26T14:31:58,wayback
La Mesa,2024-04-03T06:00,75.9,0.0,80.15,-4.25,,,,,,,2024-04-04T04:56:23,wayback
La Mesa,2024-04-04T06:00,75.9,0.0,80.15,-4.25,,,,,,,2024-04-04T04:56:23,wayback
La Mesa,2024-04-16T06:00,75.69,-0.01,80.15,-4.46,,,,,,,2024-04-17T14:38:17,wayback
La Mesa,2024-04-17T06:00,75.68,-0.01,80.15,-4.47,,,,,,,2024-04-17T14:38:17,wayback
La Mesa,2024-04-29T08:00,75.29,-0.03,80.15,-4.86,,,,,,,2024-04-30T16:37:36,wayback
La Mesa,2024-04-30T08:00,75.26,-0.03,80.15,-4.89,,,,,,,2024-04-30T16:37:36,wayback
La Mesa,2024-05-02T08:00,75.18,-0.04,80.15,-4.97,,,,,,,2024-05-03T14:04:21,wayback
La Mesa,2024-05-03T08:00,75.14,-0.04,80.15,-5.01,,,,,,,2024-05-03T14:04:21,wayback
La Mesa,2024-05-21T08:00,75.16,0.0,80.15,-4.99,,,,,,,2024-05-22T22:03:22,wayback
La Mesa,2024-05-22T08:00,75.16,0.0,80.15,-4.99,,,,,,,2024-05-22T22:03:22,wayback
La Mesa,2024-08-03T08:00,79.69,0.08,80.15,-0.46,,,,,,,2024-08-04T13:50:34,wayback
La Mesa,2024-08-04T08:00,79.77,0.08,80.15,-0.38,,,,,,,2024-08-04T13:50:34,wayback
La Mesa,2024-08-23T08:00,79.74,0.01,80.15,-0.41,,,,,,,2024-08-24T19:16:01,wayback
La Mesa,2024-08-24T08:00,79.75,0.01,80.15,-0.4,,,,,,,2024-08-24T19:16:01,wayback
La Mesa,2024-09-11T08:00,79.19,0.45,80.15,-0.96,,,,,,,2024-09-12T17:45:54,wayback
La Mesa,2024-09-12T20:00,79.64,0.45,80.15,-0.51,,,,,,,2024-09-12T17:45:54,wayback
La Mesa,2024-10-04T08:00,79.41,0.0,80.15,-0.74,,,,,,,2024-10-05T03:55:59,wayback
La Mesa,2024-10-05T08:00,79.41,0.0,80.15,-0.74,,,,,,,2024-10-05T03:55:59,wayback
La Mesa,2024-10-06T08:00,79.51,0.1,80.15,-0.64,,,,,,,2024-10-06T18:48:56,wayback
La Mesa,2024-11-16T08:00,79.54,-0.18,80.15,-0.61,,,,,,,2024-11-17T17:28:25,wayback
La Mesa,2024-11-17T08:00,79.36,-0.18,80.15,-0.79,,,,,,,2024-11-17T17:28:25,wayback
La Mesa,2024-11-22T08:00,79.39,0.09,80.15,-0.76,,,,,,,2024-11-23T23:44:53,wayback
La Mesa,2024-11-23T08:00,79.48,0.09,80.15,-0.67,,,,,,,2024-11-23T23:44:53,wayback
La Mesa,2024-11-26T08:00,79.5,0.0,80.15,-0.65,,,,,,,2024-11-27T03:09:17,wayback
La Mesa,2024-11-27T08:00,79.5,0.0,80.15,-0.65,,,,,,,2024-11-27T03:09:17,wayback
La Mesa,2024-12-03T08:00,79.67,0.05,80.15,-0.48,,,,,,,2024-12-04T20:10:19,wayback
La Mesa,2024-12-04T08:00,79.72,0.05,80.15,-0.43,,,,,,,2024-12-04T20:10:19,wayback
La Mesa,2024-12-08T08:00,79.75,-0.04,80.15,-0.4,,,,,,,2024-12-09T09:51:51,wayback
La Mesa,2024-12-09T08:00,79.71,-0.04,80.15,-0.44,,,,,,,2024-12-09T09:51:51,wayback
La Mesa,2024-12-16T08:00,79.59,0.04,80.15,-0.56,,,,,,,2024-12-17T05:30:59,wayback
La Mesa,2024-12-17T08:00,79.63,0.04,80.15,-0.52,,,,,,,2024-12-17T05:30:59,wayback
La Mesa,2025-02-09T08:00,79.69,-0.01,80.15,-0.46,,,,,,,2025-02-10T12:40:25,wayback
La Mesa,2025-02-10T08:00,79.68,-0.01,80.15,-0.47,,,,,,,2025-02-10T12:40:25,wayback
La Mesa,2025-02-16T08:00,79.62,0.07,80.15,-0.53,,,,,,,2025-02-17T06:44:06,wayback
La Mesa,2025-02-17T08:00,79.69,0.07,80.15,-0.46,,,,,,,2025-02-17T06:44:06,wayback
La Mesa,2025-03-06T08:00,79.77,-0.05,80.15,-0.38,,,,,,,2025-03-07T19:36:55,wayback
La Mesa,2025-03-07T08:00,79.72,-0.05,80.15,-0.43,,,,,,,2025-03-07T19:36:55,wayback
La Mesa,2025-04-15T08:00,79.67,0.0,80.15,-0.48,,,,,,,2025-04-16T02:03:07,wayback
La Mesa,2025-04-16T08:00,79.67,0.0,80.15,-0.48,,,,,,,2025-04-16T02:03:07,wayback
La Mesa,2025-05-03T08:00,79.62,-0.03,80.15,-0.53,,,,,,,2025-05-04T15:19:46,wayback
La Mesa,2025-05-04T08:00,79.59,-0.03,80.15,-0.56,,,,,,,2025-05-04T15:19:46,wayback
La Mesa,2025-05-05T08:00,79.58,0.02,80.15,-0.57,,,,,,,2025-05-06T06:04:07,wayback
La Mesa,2025-05-06T08:00,79.6,0.02,80.15,-0.55,,,,,,,2025-05-06T06:04:07,wayback
La Mesa,2025-05-25T08:00,79.55,-0.01,80.15,-0.6,,,,,,,2025-05-26T17:20:45,wayback
La Mesa,2025-05-26T08:00,79.54,-0.01,80.15,-0.61,,,,,,,2025-05-26T17:20:45,wayback
La Mesa,2025-06-06T08:00,79.57,0.02,80.15,-0.58,,,,,,,2025-06-07T10:31:20,wayback
La Mesa,2025-06-07T08:00,79.59,0.02,80.15,-0.56,,,,,,,2025-06-07T10:31:20,wayback
La Mesa,2025-06-24T08:00,79.56,0.02,80.15,-0.59,,,,,,,2025-06-25T04:11:08,wayback
La Mesa,2025-06-25T08:00,79.58,0.02,80.15,-0.57,,,,,,,2025-06-25T04:11:08,wayback
La Mesa,2025-07-19T08:00,79.49,0.39,80.15,-0.66,,,,,,,2025-07-20T16:58:33,wayback
La Mesa,2025-07-20T08:00,79.88,0.39,80.15,-0.27,,,,,,,2025-07-20T16:58:33,wayback
La Mesa,2025-07-21T08:00,79.69,0.48,80.15,-0.46,,,,,,,2025-07-22T14:57:07,wayback
La Mesa,2025-07-22T08:00,80.17,0.48,80.15,0.02,,,,,,,2025-07-22T14:57:07,wayback
La Mesa,2025-08-23T08:00,79.2,-0.08,80.15,-0.95,,,,,,,2025-08-24T03:56:02,wayback
La Mesa,2025-08-24T08:00,79.12,-0.08,80.15,-1.03,,,,,,,2025-08-24T03:56:02,wayback
La Mesa,2025-09-07T08:00,79.34,-0.02,80.15,-0.81,,,,,,,2025-09-09T00:27:09,wayback
La Mesa,2025-09-08T08:00,79.32,-0.02,80.15,-0.83,,,,,,,2025-09-09T00:27:09,wayback
La Mesa,2025-09-21T08:00,79.06,-0.07,80.15,-1.09,,,,,,,2025-09-22T07:42:12,wayback
La Mesa,2025-09-22T08:00,78.99,-0.07,80.15,-1.16,,,,,,,2025-09-22T07:42:12,wayback
La Mesa,2025-09-23T08:00,79.21,0.22,80.15,-0.94,,,,,,,2025-09-23T16:12:03,wayback
La Mesa,2025-10-12T08:00,79.26,0.04,80.15,-0.89,,,,,,,2025-10-13T08:30:27,wayback
La Mesa,2025-10-13T08:00,79.3,0.04,80.15,-0.85,,,,,,,2025-10-13T08:30:27,wayback
La Mesa,2025-10-26T08:00,79.3,0.02,80.15,-0.85,,,,,,,2025-10-27T21:34:39,wayback
La Mesa,2025-10-27T08:00,79.32,0.02,80.15,-0.83,,,,,,,2025-10-27T21:34:39,wayback
La Mesa,2025-11-02T08:00,79.26,-0.03,80.15,-0.89,,,,,,,2025-11-03T00:50:13,wayback
La Mesa,2025-11-03T08:00,79.23,-0.03,80.15,-0.92,,,,,,,2025-11-03T00:50:13,wayback
La Mesa,2025-11-04T08:00,79.26,0.03,80.15,-0.89,,,,,,,2025-11-04T21:05:14,wayback
La Mesa,2025-11-10T08:00,78.46,0.07,80.15,-1.69,,,,,,,2025-11-12T00:00:32,wayback
La Mesa,2025-11-11T08:00,78.53,0.07,80.15,-1.62,,,,,,,2025-11-12T00:00:32,wayback
La Mesa,2025-12-08T08:00,79.67,0.03,80.15,-0.48,,,,,,,2025-12-09T13:06:46,wayback
La Mesa,2025-12-09T08:00,79.7,0.03,80.15,-0.45,,,,,,,2025-12-09T13:06:46,wayback
La Mesa,2025-12-12T08:00,79.6,-0.04,80.15,-0.55,,,,,,,2025-12-13T07:48:46,wayback
La Mesa,2025-12-13T08:00,79.56,-0.04,80.15,-0.59,,,,,,,2025-12-13T07:48:46,wayback
La Mesa,2025-12-28T08:00,79.67,0.06,80.15,-0.48,,,,,,,2025-12-29T23:18:31,wayback
La Mesa,2025-12-29T08:00,79.73,0.06,80.15,-0.42,,,,,,,2025-12-29T23:18:31,wayback
La Mesa,2026-01-22T08:00,79.82,-0.04,80.15,-0.33,,,,,,,2026-01-23T20:25:02,wayback
La Mesa,2026-01-23T08:00,79.78,-0.04,80.15,-0.37,,,,,,,2026-01-23T20:25:02,wayback
La Mesa,2026-02-05T08:00,79.82,-0.01,80.15,-0.33,,,,,,,2026-02-06T12:00:54,wayback
La Mesa,2026-02-06T08:00,79.81,-0.01,80.15,-0.34,,,,,,,2026-02-06T12:00:54,wayback
La Mesa,2026-02-11T08:00,79.81,0.03,80.15,-0.34,,,,,,,2026-02-12T00:40:01,wayback
La Mesa,2026-02-12T08:00,79.84,0.03,80.15,-0.31,,,,,,,2026-02-12T00:40:01,wayback
La Mesa,2026-02-21T08:00,79.79,0.04,80.15,-0.36,,,,,,,2026-02-22T13:27:52,wayback
La Mesa,2026-02-22T08:00,79.83,0.04,80.15,-0.32,,,,,,,2026-02-22T13:27:52,wayback
La Mesa,2026-02-23T08:00,79.85,-0.03,80.15,-0.3,,,,,,,2026-02-24T12:35:24,wayback
La Mesa,2026-02-24T08:00,79.82,-0.03,80.15,-0.33,,,,,,,2026-02-24T12:35:24,wayback
La Mesa,2026-04-11T08:00,79.79,0.0,80.15,-0.36,,,,,,,2026-04-12T05:29:07,wayback
La Mesa,2026-04-12T08:00,79.79,0.0,80.15,-0.36,,,,,,,2026-04-12T05:29:07,wayback
La Mesa,2026-04-21T08:00,79.94,-0.01,80.15,-0.21,,,,,,,2026-04-22T05:05:41,wayback
La Mesa,2026-04-22T08:00,79.93,-0.01,80.15,-0.22,,,,,,,2026-04-22T05:05:41,wayback
La Mesa,2026-05-05T08:00,79.95,0.0,80.15,-0.2,,,,,,,2026-05-06T05:06:33,wayback
La Mesa,2026-05-06T08:00,79.95,0.0,80.15,-0.2,,,,,,,2026-05-06T05:06:33,wayback
La Mesa,2026-05-23T08:00,79.83,0.0,80.15,-0.32,,,,,,,2026-05-24T07:14:32,wayback
La Mesa,2026-05-24T08:00,79.83,0.0,80.15,-0.32,,,,,,,2026-05-24T07:14:32,wayback
La Mesa,2026-05-26T08:00,79.85,0.0,80.15,-0.3,,,,,,,2026-05-27T15:50:34,wayback
La Mesa,2026-05-27T08:00,79.85,0.0,80.15,-0.3,,,,,,,2026-05-27T15:50:34,wayback
La Mesa,2026-06-29T08:00,79.86,0.0,80.15,-0.29,,,,,,,2026-06-30T16:47:24,wayback
La Mesa,2026-06-30T08:00,79.86,0.0,80.15,-0.29,,,,,,,2026-06-30T16:47:24,wayback
La Mesa,2026-07-27T08:00,79.11,0.15,80.15,-1.04,,,,,,,2026-07-28T09:06:38,wayback
La Mesa,2026-07-28T08:00,79.26,0.15,80.15,-0.89,,,,,,,2026-07-28T09:06:38,wayback
La Mesa,2026-08-06T08:00,79.44,-0.03,80.15,-0.71,,,,,,,2026-08-07T13:44:27,live
La Mesa,2026-08-07T08:00,79.41,-0.03,80.15,-0.74,,,,,,,2026-08-07T13:44:27,live
La Mesa,2026-08-08T08:00,79.37,0.35,80.15,-0.78,,,,,,,2026-08-09T16:37:07,live
La Mesa,2026-08-09T08:00,79.72,0.35,80.15,-0.43,,,,,,,2026-08-09T16:37:07,live
La Mesa,2026-08-10T08:00,79.92,0.2,80.15,-0.23,,,,,,,2026-08-10T15:39:46,live
La Mesa,2026-08-11T08:00,80.17,0.25,80.15,0.02,,,,,,,2026-08-11T02:35:10,live
La Mesa,2026-08-12T08:00,79.84,-0.33,80.15,-0.31,,,,,,,2026-08-12T03:04:55,live
La Mesa,2026-08-13T08:00,79.86,0.02,80.15,-0.29,,,,,,,2026-08-13T03:08:06,live
La Mesa,2026-08-14T08:00,79.68,-0.18,80.15,-0.47,,,,,,,2026-08-14T03:06:17,live
Magat,2021-09-22T06:00,185.82,-0.07,190.0,-4.18,185.07,0.75,,,,,2021-09-23T21:36:42,wayback
Magat,2021-09-23T06:00,185.75,-0.07,190.0,-4.25,185.18,0.57,,,,,2021-09-23T21:36:42,wayback
Magat,2021-09-26T06:00,185.8,-0.01,190.0,-4.2,185.53,0.27,,,,,2021-09-27T12:46:44,wayback
Magat,2021-09-27T06:00,185.79,-0.01,190.0,-4.21,185.65,0.14,,,,,2021-09-27T12:46:44,wayback
Magat,2021-10-22T06:00,190.96,-0.44,193.0,-2.04,187.57,3.39,,,,,2021-10-23T10:54:56,wayback
Magat,2021-10-23T06:00,190.52,-0.44,193.0,-2.48,187.64,2.88,,,,,2021-10-23T10:54:56,wayback
Magat,2021-10-24T06:00,190.18,-0.34,193.0,-2.82,187.71,2.47,,,,,2021-10-24T12:36:31,wayback
Magat,2021-11-01T06:00,188.98,-0.04,193.0,-4.02,188.34,0.64,,,,,2021-11-02T13:56:17,wayback
Magat,2021-11-02T06:00,188.94,-0.04,193.0,-4.06,188.47,0.47,,,,,2021-11-02T13:56:17,wayback
Magat,2021-11-16T06:00,185.63,0.3,193.0,-7.37,190.14,-4.51,,,,,2021-11-17T10:54:47,wayback
Magat,2021-11-17T06:00,185.93,0.3,193.0,-7.07,190.27,-4.34,,,,,2021-11-17T10:54:47,wayback
Magat,2021-12-21T06:00,180.84,0.91,193.0,-12.16,192.69,-11.85,,,,,2021-12-22T18:20:32,wayback
Magat,2021-12-22T06:00,181.75,0.91,193.0,-11.25,192.72,-10.97,,,,,2021-12-22T18:20:32,wayback
Magat,2021-12-28T06:00,184.94,0.34,193.0,-8.06,192.89,-7.95,,,,,2021-12-29T04:37:48,wayback
Magat,2021-12-29T06:00,185.28,0.34,193.0,-7.72,192.92,-7.64,,,,,2021-12-29T04:37:48,wayback
Magat,2022-01-09T06:00,185.1,-0.19,193.0,-7.9,191.97,-6.87,,,,,2022-01-10T01:34:09,wayback
Magat,2022-01-10T06:00,184.91,-0.19,193.0,-8.09,191.86,-6.95,,,,,2022-01-10T01:34:09,wayback
Magat,2022-01-18T06:00,182.77,-0.3,193.0,-10.23,190.97,-8.2,,,,,2022-01-19T10:01:15,wayback
Magat,2022-01-19T06:00,182.47,-0.3,193.0,-10.53,190.85,-8.38,,,,,2022-01-19T10:01:15,wayback
Magat,2022-04-21T06:00,190.29,0.31,193.0,-2.71,178.15,12.14,,,,,2022-04-22T02:51:37,wayback
Magat,2022-04-22T06:00,190.6,0.31,193.0,-2.4,178.06,12.54,,,,,2022-04-22T02:51:37,wayback
Magat,2022-06-14T06:00,184.69,-0.15,190.0,-5.31,174.63,10.06,,,,,2022-06-15T08:27:45,wayback
Magat,2022-06-15T06:00,184.54,-0.15,190.0,-5.46,174.68,9.86,,,,,2022-06-15T08:27:45,wayback
Magat,2022-06-18T06:00,183.77,-0.24,190.0,-6.23,174.84,8.93,,,,,2022-06-19T01:08:25,wayback
Magat,2022-06-19T06:00,183.53,-0.24,190.0,-6.47,174.89,8.64,,,,,2022-06-19T01:08:25,wayback
Magat,2022-06-26T06:00,182.47,-0.1,190.0,-7.53,175.27,7.2,,,,,2022-06-26T23:01:12,wayback
Magat,2022-06-27T06:00,182.37,-0.1,190.0,-7.63,175.32,7.05,,,,,2022-06-26T23:01:12,wayback
Magat,2022-07-01T06:00,182.72,-0.1,190.0,-7.28,175.58,7.14,,,,,2022-07-02T03:50:05,wayback
Magat,2022-07-02T06:00,182.62,-0.1,190.0,-7.38,175.69,6.93,,,,,2022-07-02T03:50:05,wayback
Magat,2022-07-04T06:00,182.1,-0.27,190.0,-7.9,175.9,6.2,,,,,2022-07-05T08:47:35,wayback
Magat,2022-07-05T06:00,181.83,-0.27,190.0,-8.17,176.0,5.83,,,,,2022-07-05T08:47:35,wayback
Magat,2022-07-16T06:00,183.87,0.07,190.0,-6.13,177.14,6.73,,,,,2022-07-17T00:05:54,wayback
Magat,2022-07-17T06:00,183.94,0.07,190.0,-6.06,177.25,6.69,,,,,2022-07-17T00:05:54,wayback
Magat,2022-08-01T06:00,186.56,0.97,190.0,-3.44,178.82,7.74,,,,,2022-08-02T22:15:14,wayback
Magat,2022-08-02T06:00,187.53,0.97,190.0,-2.47,178.95,8.58,,,,,2022-08-02T22:15:14,wayback
Magat,2022-08-03T06:00,188.41,0.02,190.0,-1.59,179.07,9.34,,,,,2022-08-04T20:24:09,wayback
Magat,2022-08-04T06:00,188.43,0.02,190.0,-1.57,179.19,9.24,,,,,2022-08-04T20:24:09,wayback
Magat,2022-08-05T06:00,188.4,-0.03,190.0,-1.6,179.31,9.09,,,,,2022-08-05T04:38:05,wayback
Magat,2022-08-06T06:00,188.39,-0.01,190.0,-1.61,179.44,8.95,,,,,2022-08-06T08:47:14,wayback
Magat,2022-08-07T06:00,188.75,-0.56,190.0,-1.25,179.56,9.19,,,,,2022-08-08T10:40:56,wayback
Magat,2022-08-08T06:00,188.19,-0.56,190.0,-1.81,179.56,8.63,1.0,1.0,,,2022-08-08T10:40:56,wayback
Magat,2022-09-23T06:00,187.63,0.07,190.0,-2.37,185.18,2.45,,,,,2022-09-24T09:51:55,wayback
Magat,2022-09-24T06:00,187.7,0.07,190.0,-2.3,185.3,2.4,,,,,2022-09-24T09:51:55,wayback
Magat,2022-10-15T06:00,185.85,0.08,193.0,-7.15,187.07,-1.22,,,,,2022-10-16T04:09:18,wayback
Magat,2022-10-16T06:00,185.93,0.08,193.0,-7.07,187.14,-1.21,,,,,2022-10-16T04:09:18,wayback
Magat,2022-10-28T06:00,186.98,-0.04,193.0,-6.02,188.0,-1.02,,,,,2022-10-29T04:08:50,wayback
Magat,2022-10-29T06:00,186.94,-0.04,193.0,-6.06,188.07,-1.13,,,,,2022-10-29T04:08:50,wayback
Magat,2022-11-29T06:00,187.45,-0.15,193.0,-5.55,191.81,-4.36,,,,,2022-11-30T16:24:55,wayback
Magat,2022-11-30T06:00,187.3,-0.15,193.0,-5.7,191.94,-4.64,,,,,2022-11-30T16:24:55,wayback
Magat,2022-12-01T06:00,187.09,-0.14,193.0,-5.91,192.1,-5.01,,,,,2022-12-02T11:16:57,wayback
Magat,2022-12-02T06:00,186.95,-0.14,193.0,-6.05,192.13,-5.18,,,,,2022-12-02T11:16:57,wayback
Magat,2022-12-10T06:00,185.23,-0.23,193.0,-7.77,192.36,-7.13,,,,,2022-12-11T18:30:01,wayback
Magat,2022-12-11T06:00,185.0,-0.23,193.0,-8.0,192.39,-7.39,,,,,2022-12-11T18:30:01,wayback
Magat,2023-03-28T06:00,173.52,0.11,193.0,-19.48,180.32,-6.8,,,,,2023-03-28T23:37:33,wayback
Magat,2023-03-29T06:00,173.63,0.11,193.0,-19.37,180.21,-6.58,,,,,2023-03-28T23:37:33,wayback
Magat,2023-04-13T06:00,175.21,0.19,193.0,-17.79,178.86,-3.65,,,,,2023-04-14T02:12:40,wayback
Magat,2023-04-14T06:00,175.4,0.19,193.0,-17.6,178.77,-3.37,,,,,2023-04-14T02:12:40,wayback
Magat,2023-07-26T06:00,165.39,3.93,190.0,-24.61,178.18,-12.79,,,,,2023-07-27T08:11:31,wayback
Magat,2023-07-27T06:00,169.32,3.93,190.0,-20.68,178.28,-8.96,,,,,2023-07-27T08:11:31,wayback
Magat,2023-09-30T06:00,187.18,-0.02,193.0,-2.82,186.0,1.18,,,,,2023-10-02T00:34:48,wayback
Magat,2023-10-01T06:00,187.16,-0.02,193.0,-5.84,186.07,1.09,,,,,2023-10-02T00:34:48,wayback
Magat,2023-11-27T06:00,184.16,-0.03,193.0,-8.84,191.58,-7.42,,,,,2023-11-28T03:16:48,wayback
Magat,2023-11-28T06:00,184.13,-0.03,193.0,-8.87,191.66,-7.53,,,,,2023-11-28T03:16:48,wayback
Magat,2024-01-25T06:00,186.38,-0.19,193.0,-6.62,190.18,-3.8,,,,,2024-01-26T14:31:58,wayback
Magat,2024-01-26T06:00,186.19,-0.19,193.0,-6.81,190.07,-3.88,,,,,2024-01-26T14:31:58,wayback
Magat,2024-04-03T06:00,176.22,0.13,193.0,-16.78,179.74,-3.52,,,,,2024-04-04T04:56:23,wayback
Magat,2024-04-04T06:00,176.35,0.13,193.0,-16.65,179.65,-3.3,,,,,2024-04-04T04:56:23,wayback
Magat,2024-04-16T06:00,177.21,0.04,193.0,-15.79,178.59,-1.38,,,,,2024-04-17T14:38:17,wayback
Magat,2024-04-17T06:00,177.25,0.04,193.0,-15.75,178.5,-1.25,,,,,2024-04-17T14:38:17,wayback
Magat,2024-04-29T08:00,177.8,0.07,193.0,-15.2,177.45,0.35,,,,,2024-04-30T16:37:36,wayback
Magat,2024-04-30T08:00,177.87,0.07,193.0,-15.13,177.36,0.51,,,,,2024-04-30T16:37:36,wayback
Magat,2024-05-02T08:00,177.95,0.02,193.0,-15.05,177.14,0.81,,,,,2024-05-03T14:04:21,wayback
Magat,2024-05-03T08:00,177.97,0.02,193.0,-15.03,177.02,0.95,,,,,2024-05-03T14:04:21,wayback
Magat,2024-05-21T08:00,177.21,0.44,193.0,-15.79,175.0,2.21,,,,,2024-05-22T22:03:22,wayback
Magat,2024-05-22T08:00,177.65,0.44,193.0,-15.35,174.89,2.76,,,,,2024-05-22T22:03:22,wayback
Magat,2024-08-03T08:00,183.97,0.27,190.0,-6.03,179.07,4.9,,,,,2024-08-04T13:50:34,wayback
Magat,2024-08-04T08:00,184.24,0.27,190.0,-5.76,179.19,5.05,,,,,2024-08-04T13:50:34,wayback
Magat,2024-08-23T08:00,184.13,-0.21,190.0,-5.87,181.52,2.61,,,,,2024-08-24T19:16:01,wayback
Magat,2024-08-24T08:00,183.92,-0.21,190.0,-6.08,181.64,2.28,,,,,2024-08-24T19:16:01,wayback
Magat,2024-09-11T08:00,185.48,1.47,190.0,-4.52,183.78,1.7,,,,,2024-09-12T17:45:54,wayback
Magat,2024-09-12T20:00,186.95,1.47,190.0,-3.05,183.9,3.05,,,,,2024-09-12T17:45:54,wayback
Magat,2024-10-04T08:00,184.62,0.5,193.0,-8.38,186.29,-1.67,,,,,2024-10-05T03:55:59,wayback
Magat,2024-10-05T08:00,185.12,0.5,193.0,-7.88,186.36,-1.24,,,,,2024-10-05T03:55:59,wayback
Magat,2024-10-06T08:00,185.66,0.54,193.0,-7.34,186.43,-0.77,,,,,2024-10-06T18:48:56,wayback
Magat,2024-11-16T08:00,183.69,-1.76,193.0,-9.31,190.14,-6.45,2.0,3.0,,696.22,2024-11-17T17:28:25,wayback
Magat,2024-11-17T08:00,181.93,-1.76,193.0,-11.07,190.27,-8.34,2.0,3.0,,742.83,2024-11-17T17:28:25,wayback
Magat,2024-11-22T08:00,188.97,-0.37,193.0,-4.03,190.91,-1.94,1.0,1.0,,742.89,2024-11-23T23:44:53,wayback
Magat,2024-11-23T08:00,188.6,-0.37,193.0,-4.4,191.04,-2.44,,,,,2024-11-23T23:44:53,wayback
Magat,2024-11-26T08:00,187.3,-0.45,193.0,-5.7,191.43,-4.13,1.0,1.0,,356.33,2024-11-27T03:09:17,wayback
Magat,2024-11-27T08:00,186.85,-0.45,193.0,-6.15,191.58,-4.73,,,,,2024-11-27T03:09:17,wayback
Magat,2024-12-03T08:00,187.78,-0.19,193.0,-5.22,192.16,-4.38,,,,,2024-12-04T20:10:19,wayback
Magat,2024-12-04T08:00,187.59,-0.19,193.0,-5.41,192.19,-4.6,1.0,1.0,,328.94,2024-12-04T20:10:19,wayback
Magat,2024-12-08T08:00,186.72,-0.15,193.0,-6.28,192.3,-5.58,1.0,0.5,,295.83,2024-12-09T09:51:51,wayback
Magat,2024-12-09T08:00,186.57,-0.15,193.0,-6.43,192.33,-5.76,1.0,0.5,,267.5,2024-12-09T09:51:51,wayback
Magat,2024-12-16T08:00,186.86,-0.01,193.0,-6.14,192.54,-5.68,1.0,0.5,,210.61,2024-12-17T05:30:59,wayback
Magat,2024-12-17T08:00,186.85,-0.01,193.0,-6.15,192.57,-5.72,,,,,2024-12-17T05:30:59,wayback
Magat,2025-02-09T08:00,189.57,0.08,193.0,-3.43,187.51,2.06,,,,,2025-02-10T12:40:25,wayback
Magat,2025-02-10T08:00,189.65,0.08,193.0,-3.35,187.29,2.36,,,,,2025-02-10T12:40:25,wayback
Magat,2025-02-16T08:00,191.18,-0.21,193.0,-1.82,185.96,5.22,1.0,2.0,,348.44,2025-02-17T06:44:06,wayback
Magat,2025-02-17T08:00,190.97,-0.21,193.0,-2.03,185.75,5.22,1.0,2.0,,488.06,2025-02-17T06:44:06,wayback
Magat,2025-03-06T08:00,189.29,0.42,193.0,-3.71,182.65,6.64,,,,,2025-03-07T19:36:55,wayback
Magat,2025-03-07T08:00,189.71,0.42,193.0,-3.29,182.65,7.06,,,,,2025-03-07T19:36:55,wayback
Magat,2025-04-15T08:00,189.57,-0.04,193.0,-3.43,178.68,10.89,,,,,2025-04-16T02:03:07,wayback
Magat,2025-04-16T08:00,189.53,-0.04,193.0,-3.47,178.59,10.94,,,,,2025-04-16T02:03:07,wayback
Magat,2025-05-03T08:00,189.51,0.27,193.0,-3.49,177.02,12.49,,,,,2025-05-04T15:19:46,wayback
Magat,2025-05-04T08:00,189.78,0.27,193.0,-3.22,176.91,12.87,,,,,2025-05-04T15:19:46,wayback
Magat,2025-05-05T08:00,189.9,0.11,193.0,-3.1,176.8,13.1,,,,,2025-05-06T06:04:07,wayback
Magat,2025-05-06T08:00,190.01,0.11,193.0,-2.99,176.69,13.32,,,,,2025-05-06T06:04:07,wayback
Magat,2025-05-25T08:00,186.94,-0.49,193.0,-6.06,174.55,12.39,,,,,2025-05-26T17:20:45,wayback
Magat,2025-05-26T08:00,186.45,-0.49,193.0,-6.55,174.44,12.01,,,,,2025-05-26T17:20:45,wayback
Magat,2025-06-06T08:00,181.72,0.07,193.0,-11.28,174.2,7.52,,,,,2025-06-07T10:31:20,wayback
Magat,2025-06-07T08:00,181.79,0.07,193.0,-11.21,174.25,7.54,,,,,2025-06-07T10:31:20,wayback
Magat,2025-06-24T08:00,176.75,-0.45,190.0,-13.25,175.16,1.59,,,,,2025-06-25T04:11:08,wayback
Magat,2025-06-25T08:00,176.3,-0.45,190.0,-13.7,175.21,1.09,,,,,2025-06-25T04:11:08,wayback
Magat,2025-07-19T08:00,184.1,0.21,190.0,-5.9,177.45,6.65,,,,,2025-07-20T16:58:33,wayback
Magat,2025-07-20T08:00,184.31,0.21,190.0,-5.69,177.56,6.75,,,,,2025-07-20T16:58:33,wayback
Magat,2025-07-21T08:00,184.42,0.61,190.0,-5.58,177.66,6.76,,,,,2025-07-22T14:57:07,wayback
Magat,2025-07-22T08:00,185.03,0.61,190.0,-4.97,177.77,7.26,,,,,2025-07-22T14:57:07,wayback
Magat,2025-08-23T08:00,188.33,0.58,190.0,-1.67,181.52,6.81,,,,,2025-08-24T03:56:02,wayback
Magat,2025-08-24T08:00,188.91,0.58,190.0,-1.09,181.64,7.27,1.0,1.0,,386.78,2025-08-24T03:56:02,wayback
Magat,2025-09-07T08:00,189.03,-1.31,190.0,-0.97,183.32,5.71,2.0,4.0,,855.33,2025-09-09T00:27:09,wayback
Magat,2025-09-08T08:00,187.72,-1.31,190.0,-2.28,183.43,4.29,2.0,3.0,,911.78,2025-09-09T00:27:09,wayback
Magat,2025-09-21T08:00,185.76,-0.19,190.0,-4.24,184.95,0.81,1.0,1.0,,273.94,2025-09-22T07:42:12,wayback
Magat,2025-09-22T08:00,185.57,-0.19,190.0,-4.43,185.07,0.5,2.0,4.0,,1009.11,2025-09-22T07:42:12,wayback
Magat,2025-09-23T08:00,184.01,-1.56,190.0,-5.99,185.18,-1.17,3.0,6.0,,1231.39,2025-09-23T16:12:03,wayback
Magat,2025-10-12T08:00,185.5,0.36,193.0,-7.5,186.86,-1.36,,,,,2025-10-13T08:30:27,wayback
Magat,2025-10-13T08:00,185.86,0.36,193.0,-7.14,186.93,-1.07,,,,,2025-10-13T08:30:27,wayback
Magat,2025-10-26T08:00,186.8,0.14,193.0,-6.2,187.85,-1.05,,,,,2025-10-27T21:34:39,wayback
Magat,2025-10-27T08:00,186.94,0.14,193.0,-6.06,187.92,-0.98,,,,,2025-10-27T21:34:39,wayback
Magat,2025-11-02T08:00,188.39,-0.02,193.0,-4.61,188.47,-0.08,,,,,2025-11-03T00:50:13,wayback
Magat,2025-11-03T08:00,188.37,-0.02,193.0,-4.63,188.6,-0.23,,,,,2025-11-03T00:50:13,wayback
Magat,2025-11-04T08:00,188.36,-0.01,193.0,-4.64,188.72,-0.36,,,,,2025-11-04T21:05:14,wayback
Magat,2025-11-10T08:00,188.74,2.18,193.0,-4.26,189.5,-0.76,4.0,7.0,,1416.94,2025-11-12T00:00:32,wayback
Magat,2025-11-11T08:00,190.92,2.18,193.0,-2.08,189.63,1.29,5.0,9.0,,2144.11,2025-11-12T00:00:32,wayback
Magat,2025-12-08T08:00,185.2,-0.04,193.0,-7.8,192.3,-7.1,1.0,1.0,,383.06,2025-12-09T13:06:46,wayback
Magat,2025-12-09T08:00,185.16,-0.04,193.0,-7.84,192.33,-7.17,1.0,1.0,,261.67,2025-12-09T13:06:46,wayback
Magat,2025-12-12T08:00,185.82,0.26,193.0,-7.18,192.42,-6.6,,,,,2025-12-13T07:48:46,wayback
Magat,2025-12-13T08:00,186.08,0.26,193.0,-6.92,192.45,-6.37,,,,,2025-12-13T07:48:46,wayback
Magat,2025-12-28T08:00,191.02,-0.14,193.0,-1.98,192.89,-1.87,,,,,2025-12-29T23:18:31,wayback
Magat,2025-12-29T08:00,190.88,-0.14,193.0,-2.12,192.92,-2.04,,,,,2025-12-29T23:18:31,wayback
Magat,2026-01-22T08:00,189.77,-0.32,193.0,-3.23,190.52,-0.75,,,,,2026-01-23T20:25:02,wayback
Magat,2026-01-23T08:00,189.45,-0.32,193.0,-3.55,190.41,-0.96,,,,,2026-01-23T20:25:02,wayback
Magat,2026-02-05T08:00,186.87,-0.31,193.0,-6.13,188.4,-1.53,,,,,2026-02-06T12:00:54,wayback
Magat,2026-02-06T08:00,186.56,-0.31,193.0,-6.44,188.18,-1.62,,,,,2026-02-06T12:00:54,wayback
Magat,2026-02-11T08:00,185.3,-0.29,193.0,-7.7,187.07,-1.77,,,,,2026-02-12T00:40:01,wayback
Magat,2026-02-12T08:00,185.01,-0.29,193.0,-7.99,186.84,-1.83,,,,,2026-02-12T00:40:01,wayback
Magat,2026-02-21T08:00,183.57,-0.07,193.0,-9.43,184.85,-1.28,,,,,2026-02-22T13:27:52,wayback
Magat,2026-02-22T08:00,183.5,-0.07,193.0,-9.5,184.62,-1.12,,,,,2026-02-22T13:27:52,wayback
Magat,2026-02-23T08:00,183.38,-0.23,193.0,-9.62,184.4,-1.02,,,,,2026-02-24T12:35:24,wayback
Magat,2026-02-24T08:00,183.15,-0.23,193.0,-9.85,184.18,-1.03,,,,,2026-02-24T12:35:24,wayback
Magat,2026-04-11T08:00,180.49,0.02,193.0,-12.51,179.03,1.46,,,,,2026-04-12T05:29:07,wayback
Magat,2026-04-12T08:00,180.51,0.02,193.0,-12.49,178.94,1.57,,,,,2026-04-12T05:29:07,wayback
Magat,2026-04-21T08:00,180.72,0.13,193.0,-12.28,178.15,2.57,,,,,2026-04-22T05:05:41,wayback
Magat,2026-04-22T08:00,180.85,0.13,193.0,-12.15,178.06,2.79,,,,,2026-04-22T05:05:41,wayback
Magat,2026-05-05T08:00,181.69,-0.01,193.0,-11.31,176.8,4.89,,,,,2026-05-06T05:06:33,wayback
Magat,2026-05-06T08:00,181.68,-0.01,193.0,-11.32,176.69,4.99,,,,,2026-05-06T05:06:33,wayback
Magat,2026-05-23T08:00,182.63,-0.24,193.0,-10.37,174.78,7.85,,,,,2026-05-24T07:14:32,wayback
Magat,2026-05-24T08:00,182.39,-0.24,193.0,-10.61,174.67,7.72,,,,,2026-05-24T07:14:32,wayback
Magat,2026-05-26T08:00,181.6,-0.37,193.0,-11.4,174.44,7.16,,,,,2026-05-27T15:50:34,wayback
Magat,2026-05-27T08:00,181.23,-0.37,193.0,-11.77,174.44,6.79,,,,,2026-05-27T15:50:34,wayback
Magat,2026-06-29T08:00,165.55,-0.66,190.0,-24.45,175.43,-9.88,,,,,2026-06-30T16:47:24,wayback
Magat,2026-06-30T08:00,164.89,-0.66,190.0,-25.11,175.48,-10.59,,,,,2026-06-30T16:47:24,wayback
Magat,2026-07-27T08:00,161.21,-0.16,190.0,-28.79,178.28,-17.07,,,,,2026-07-28T09:06:38,wayback
Magat,2026-07-28T08:00,161.05,-0.16,190.0,-28.95,178.39,-17.34,,,,,2026-07-28T09:06:38,wayback
Magat,2026-08-06T08:00,166.39,1.93,190.0,-23.61,179.44,-13.05,,,,,2026-08-07T13:44:27,live
Magat,2026-08-07T08:00,168.32,1.93,190.0,-21.68,179.56,-11.24,,,,,2026-08-07T13:44:27,live
Magat,2026-08-08T08:00,169.62,1.11,190.0,-20.38,179.56,-9.94,,,,,2026-08-09T16:37:07,live
Magat,2026-08-09T08:00,170.73,1.11,190.0,-19.27,179.68,-8.95,,,,,2026-08-09T16:37:07,live
Magat,2026-08-10T08:00,174.34,3.61,190.0,-15.66,179.93,-5.59,,,,,2026-08-10T15:39:46,live
Magat,2026-08-11T08:00,176.35,2.01,190.0,-13.65,180.05,-3.7,,,,,2026-08-11T02:35:10,live
Magat,2026-08-12T08:00,177.25,0.9,190.0,-12.75,180.17,-2.92,,,,,2026-08-12T03:04:55,live
Magat,2026-08-13T08:00,177.58,0.33,190.0,-12.42,180.29,-2.71,,,,,2026-08-13T03:08:06,live
Magat,2026-08-14T08:00,177.91,0.33,190.0,-12.09,180.42,-2.51,,,,,2026-08-14T03:06:17,live
Pantabangan,2021-09-22T06:00,201.3,0.08,218.5,-17.2,215.16,-13.86,,,,,2021-09-23T21:36:42,wayback
Pantabangan,2021-09-23T06:00,201.38,0.08,218.5,-17.12,215.28,-13.9,,,,,2021-09-23T21:36:42,wayback
Pantabangan,2021-09-26T06:00,201.53,0.05,218.5,-14.47,215.62,-14.09,,,,,2021-09-27T12:46:44,wayback
Pantabangan,2021-09-27T06:00,201.58,0.05,218.5,-16.92,215.74,-14.16,,,,,2021-09-27T12:46:44,wayback
Pantabangan,2021-10-22T06:00,206.74,0.24,218.5,-11.76,217.94,-11.2,,,,,2021-10-23T10:54:56,wayback
Pantabangan,2021-10-23T06:00,206.98,0.24,218.5,-11.52,218.02,-11.04,,,,,2021-10-23T10:54:56,wayback
Pantabangan,2021-10-24T06:00,207.04,0.06,218.5,-11.46,218.11,-11.07,,,,,2021-10-24T12:36:31,wayback
Pantabangan,2021-11-01T06:00,207.86,0.07,221.0,-13.14,218.58,-10.72,,,,,2021-11-02T13:56:17,wayback
Pantabangan,2021-11-02T06:00,207.93,0.07,221.0,-13.07,218.68,-10.75,,,,,2021-11-02T13:56:17,wayback
Pantabangan,2021-11-16T06:00,208.71,0.06,221.0,-12.29,219.93,-11.22,,,,,2021-11-17T10:54:47,wayback
Pantabangan,2021-11-17T06:00,208.77,0.06,221.0,-12.23,220.01,-11.24,,,,,2021-11-17T10:54:47,wayback
Pantabangan,2021-12-21T06:00,208.28,-0.02,221.0,-12.72,218.56,-10.28,,,,,2021-12-22T18:20:32,wayback
Pantabangan,2021-12-22T06:00,208.26,-0.02,221.0,-12.74,218.51,-10.25,,,,,2021-12-22T18:20:32,wayback
Pantabangan,2021-12-28T06:00,207.59,-0.15,221.0,-13.41,217.95,-10.36,,,,,2021-12-29T04:37:48,wayback
Pantabangan,2021-12-29T06:00,207.44,-0.15,221.0,-13.56,217.83,-10.39,,,,,2021-12-29T04:37:48,wayback
Pantabangan,2022-01-09T06:00,205.45,-0.14,221.0,-15.55,216.39,-10.94,,,,,2022-01-10T01:34:09,wayback
Pantabangan,2022-01-10T06:00,205.31,-0.14,221.0,-15.69,216.25,-10.94,,,,,2022-01-10T01:34:09,wayback
Pantabangan,2022-01-18T06:00,203.82,-0.24,221.0,-17.18,215.17,-11.35,,,,,2022-01-19T10:01:15,wayback
Pantabangan,2022-01-19T06:00,203.58,-0.24,221.0,-17.42,215.03,-11.45,,,,,2022-01-19T10:01:15,wayback
Pantabangan,2022-04-21T06:00,184.14,-0.05,221.0,-36.86,204.88,-20.74,,,,,2022-04-22T02:51:37,wayback
Pantabangan,2022-04-22T06:00,184.09,-0.05,221.0,-36.91,204.8,-20.71,,,,,2022-04-22T02:51:37,wayback
Pantabangan,2022-06-14T06:00,185.89,-0.01,216.0,-30.11,203.88,-17.99,,,,,2022-06-15T08:27:45,wayback
Pantabangan,2022-06-15T06:00,185.88,-0.01,216.0,-30.12,203.9,-18.02,,,,,2022-06-15T08:27:45,wayback
Pantabangan,2022-06-18T06:00,185.46,-0.27,216.0,-30.54,203.95,-18.49,,,,,2022-06-19T01:08:25,wayback
Pantabangan,2022-06-19T06:00,185.19,-0.27,216.0,-30.81,203.97,-18.78,,,,,2022-06-19T01:08:25,wayback
Pantabangan,2022-06-26T06:00,182.79,-0.32,216.0,-33.21,204.1,-21.31,,,,,2022-06-26T23:01:12,wayback
Pantabangan,2022-06-27T06:00,182.47,-0.32,216.0,-33.53,204.12,-21.65,,,,,2022-06-26T23:01:12,wayback
Pantabangan,2022-07-01T06:00,181.71,-0.17,216.0,-34.29,204.19,-22.48,,,,,2022-07-02T03:50:05,wayback
Pantabangan,2022-07-02T06:00,181.54,-0.17,216.0,-34.46,204.49,-22.95,,,,,2022-07-02T03:50:05,wayback
Pantabangan,2022-07-04T06:00,181.28,-0.17,216.0,-34.72,204.78,-23.5,,,,,2022-07-05T08:47:35,wayback
Pantabangan,2022-07-05T06:00,181.11,-0.17,216.0,-34.89,204.93,-23.82,,,,,2022-07-05T08:47:35,wayback
Pantabangan,2022-07-16T06:00,180.7,-0.08,216.0,-35.3,206.51,-25.81,,,,,2022-07-17T00:05:54,wayback
Pantabangan,2022-07-17T06:00,180.62,-0.08,216.0,-35.38,206.66,-26.04,,,,,2022-07-17T00:05:54,wayback
Pantabangan,2022-08-01T06:00,180.91,0.2,216.0,-35.09,208.72,-27.81,,,,,2022-08-02T22:15:14,wayback
Pantabangan,2022-08-02T06:00,181.11,0.2,216.0,-34.89,208.85,-27.74,,,,,2022-08-02T22:15:14,wayback
Pantabangan,2022-08-03T06:00,181.26,0.08,216.0,-34.74,208.99,-27.73,,,,,2022-08-04T20:24:09,wayback
Pantabangan,2022-08-04T06:00,181.34,0.08,216.0,-34.66,209.12,-27.78,,,,,2022-08-04T20:24:09,wayback
Pantabangan,2022-08-05T06:00,181.45,0.11,216.0,-34.55,209.25,-27.8,,,,,2022-08-05T04:38:05,wayback
Pantabangan,2022-08-06T06:00,181.69,0.24,216.0,-34.31,209.38,-27.69,,,,,2022-08-06T08:47:14,wayback
Pantabangan,2022-08-07T06:00,182.0,0.57,216.0,-34.0,209.51,-27.51,,,,,2022-08-08T10:40:56,wayback
Pantabangan,2022-08-08T06:00,182.57,0.57,216.0,-33.43,209.64,-27.07,,,,,2022-08-08T10:40:56,wayback
Pantabangan,2022-09-23T06:00,192.36,0.39,216.0,-23.64,215.28,-22.92,,,,,2022-09-24T09:51:55,wayback
Pantabangan,2022-09-24T06:00,192.75,0.39,216.0,-23.25,215.39,-22.64,,,,,2022-09-24T09:51:55,wayback
Pantabangan,2022-10-15T06:00,196.82,0.06,218.5,-21.68,217.36,-20.54,,,,,2022-10-16T04:09:18,wayback
Pantabangan,2022-10-16T06:00,196.88,0.06,218.5,-21.62,217.44,-20.56,,,,,2022-10-16T04:09:18,wayback
Pantabangan,2022-10-28T06:00,198.1,0.12,218.5,-20.4,218.42,-20.32,,,,,2022-10-29T04:08:50,wayback
Pantabangan,2022-10-29T06:00,198.22,0.12,218.5,-20.28,218.46,-20.24,,,,,2022-10-29T04:08:50,wayback
Pantabangan,2022-11-29T06:00,203.6,0.08,221.0,-17.4,220.92,-17.32,,,,,2022-11-30T16:24:55,wayback
Pantabangan,2022-11-30T06:00,203.68,0.08,221.0,-17.32,221.0,-17.32,,,,,2022-11-30T16:24:55,wayback
Pantabangan,2022-12-01T06:00,203.76,-0.11,221.0,-17.24,220.89,-17.13,,,,,2022-12-02T11:16:57,wayback
Pantabangan,2022-12-02T06:00,203.65,-0.11,221.0,-17.35,220.79,-17.14,,,,,2022-12-02T11:16:57,wayback
Pantabangan,2022-12-10T06:00,203.13,-0.13,221.0,-17.87,219.93,-16.8,,,,,2022-12-11T18:30:01,wayback
Pantabangan,2022-12-11T06:00,203.0,-0.13,221.0,-18.0,219.82,-16.82,,,,,2022-12-11T18:30:01,wayback
Pantabangan,2023-03-28T06:00,184.47,-0.26,221.0,-36.53,206.76,-22.29,,,,,2023-03-28T23:37:33,wayback
Pantabangan,2023-03-29T06:00,184.21,-0.26,221.0,-36.79,206.65,-22.44,,,,,2023-03-28T23:37:33,wayback
Pantabangan,2023-04-13T06:00,181.08,-0.17,221.0,-39.92,205.48,-24.4,,,,,2023-04-14T02:12:40,wayback
Pantabangan,2023-04-14T06:00,180.91,-0.17,221.0,-40.09,205.41,-24.5,,,,,2023-04-14T02:12:40,wayback
Pantabangan,2023-07-26T06:00,183.63,0.48,216.0,-32.37,207.91,-24.28,,,,,2023-07-27T08:11:31,wayback
Pantabangan,2023-07-27T06:00,184.11,0.48,216.0,-31.89,208.05,-23.94,,,,,2023-07-27T08:11:31,wayback
Pantabangan,2023-09-30T06:00,197.02,0.18,218.5,-18.98,216.08,-19.06,,,,,2023-10-02T00:34:48,wayback
Pantabangan,2023-10-01T06:00,197.2,0.18,218.5,-21.3,216.17,-18.97,,,,,2023-10-02T00:34:48,wayback
Pantabangan,2023-11-27T06:00,201.57,0.0,221.0,-19.43,220.77,-19.2,,,,,2023-11-28T03:16:48,wayback
Pantabangan,2023-11-28T06:00,201.57,0.0,221.0,-19.43,220.85,-19.28,,,,,2023-11-28T03:16:48,wayback
Pantabangan,2024-01-25T06:00,194.86,-0.23,221.0,-26.14,214.2,-19.34,,,,,2024-01-26T14:31:58,wayback
Pantabangan,2024-01-26T06:00,194.63,-0.23,221.0,-26.37,214.06,-19.43,,,,,2024-01-26T14:31:58,wayback
Pantabangan,2024-04-03T06:00,176.1,-0.23,221.0,-44.9,206.22,-30.12,,,,,2024-04-04T04:56:23,wayback
Pantabangan,2024-04-04T06:00,175.87,-0.23,221.0,-45.13,206.15,-30.28,,,,,2024-04-04T04:56:23,wayback
Pantabangan,2024-04-16T06:00,173.64,-0.07,221.0,-47.36,205.26,-31.62,,,,,2024-04-17T14:38:17,wayback
Pantabangan,2024-04-17T06:00,173.57,-0.07,221.0,-47.43,205.18,-31.61,,,,,2024-04-17T14:38:17,wayback
Pantabangan,2024-04-29T08:00,173.46,0.02,221.0,-47.54,204.27,-30.81,,,,,2024-04-30T16:37:36,wayback
Pantabangan,2024-04-30T08:00,173.48,0.02,221.0,-47.52,204.19,-30.71,,,,,2024-04-30T16:37:36,wayback
Pantabangan,2024-05-02T08:00,173.51,0.01,216.0,-42.49,204.16,-30.65,,,,,2024-05-03T14:04:21,wayback
Pantabangan,2024-05-03T08:00,173.52,0.01,216.0,-42.48,204.14,-30.62,,,,,2024-05-03T14:04:21,wayback
Pantabangan,2024-05-21T08:00,174.23,0.06,221.0,-46.77,203.82,-29.59,,,,,2024-05-22T22:03:22,wayback
Pantabangan,2024-05-22T08:00,174.29,0.06,221.0,-46.71,203.8,-29.51,,,,,2024-05-22T22:03:22,wayback
Pantabangan,2024-08-03T08:00,185.6,0.28,216.0,-30.4,208.99,-23.39,,,,,2024-08-04T13:50:34,wayback
Pantabangan,2024-08-04T08:00,185.88,0.28,216.0,-30.12,209.12,-23.24,,,,,2024-08-04T13:50:34,wayback
Pantabangan,2024-08-23T08:00,188.31,0.08,216.0,-27.69,211.54,-23.23,,,,,2024-08-24T19:16:01,wayback
Pantabangan,2024-08-24T08:00,188.39,0.08,216.0,-27.61,211.66,-23.27,,,,,2024-08-24T19:16:01,wayback
Pantabangan,2024-09-11T08:00,194.7,0.43,216.0,-21.3,213.86,-19.16,,,,,2024-09-12T17:45:54,wayback
Pantabangan,2024-09-12T20:00,195.13,0.43,216.0,-20.87,213.98,-18.85,,,,,2024-09-12T17:45:54,wayback
Pantabangan,2024-10-04T08:00,202.4,0.1,218.5,-16.1,216.43,-14.03,,,,,2024-10-05T03:55:59,wayback
Pantabangan,2024-10-05T08:00,202.5,0.1,218.5,-16.0,216.51,-14.01,,,,,2024-10-05T03:55:59,wayback
Pantabangan,2024-10-06T08:00,202.65,0.15,218.5,-15.85,216.6,-13.95,,,,,2024-10-06T18:48:56,wayback
Pantabangan,2024-11-16T08:00,210.49,0.08,221.0,-10.51,219.93,-9.44,,,,,2024-11-17T17:28:25,wayback
Pantabangan,2024-11-17T08:00,210.57,0.08,221.0,-10.43,220.01,-9.44,,,,,2024-11-17T17:28:25,wayback
Pantabangan,2024-11-22T08:00,213.46,0.04,221.0,-7.54,220.39,-6.93,,,,,2024-11-23T23:44:53,wayback
Pantabangan,2024-11-23T08:00,213.5,0.04,221.0,-7.5,220.47,-6.97,,,,,2024-11-23T23:44:53,wayback
Pantabangan,2024-11-26T08:00,213.52,0.0,221.0,-7.48,220.7,-7.18,,,,,2024-11-27T03:09:17,wayback
Pantabangan,2024-11-27T08:00,213.52,0.0,221.0,-7.48,220.77,-7.25,,,,,2024-11-27T03:09:17,wayback
Pantabangan,2024-12-03T08:00,213.28,-0.06,221.0,-7.72,220.68,-7.4,,,,,2024-12-04T20:10:19,wayback
Pantabangan,2024-12-04T08:00,213.22,-0.06,221.0,-7.78,220.58,-7.36,,,,,2024-12-04T20:10:19,wayback
Pantabangan,2024-12-08T08:00,213.04,-0.07,221.0,-7.96,220.15,-7.11,,,,,2024-12-09T09:51:51,wayback
Pantabangan,2024-12-09T08:00,212.97,-0.07,221.0,-8.03,220.04,-7.07,,,,,2024-12-09T09:51:51,wayback
Pantabangan,2024-12-16T08:00,212.67,-0.07,221.0,-8.33,219.28,-6.61,,,,,2024-12-17T05:30:59,wayback
Pantabangan,2024-12-17T08:00,212.6,-0.07,221.0,-8.4,219.17,-6.57,,,,,2024-12-17T05:30:59,wayback
Pantabangan,2025-02-09T08:00,207.09,-0.13,221.0,-13.91,212.21,-5.12,,,,,2025-02-10T12:40:25,wayback
Pantabangan,2025-02-10T08:00,206.96,-0.13,221.0,-14.04,212.08,-5.12,,,,,2025-02-10T12:40:25,wayback
Pantabangan,2025-02-16T08:00,206.35,-0.1,221.0,-14.65,211.3,-4.95,,,,,2025-02-17T06:44:06,wayback
Pantabangan,2025-02-17T08:00,206.25,-0.1,221.0,-14.75,211.17,-4.92,,,,,2025-02-17T06:44:06,wayback
Pantabangan,2025-03-06T08:00,204.3,-0.09,221.0,-16.7,208.99,-4.69,,,,,2025-03-07T19:36:55,wayback
Pantabangan,2025-03-07T08:00,204.21,-0.09,221.0,-16.79,208.99,-4.78,,,,,2025-03-07T19:36:55,wayback
Pantabangan,2025-04-15T08:00,200.95,-0.11,221.0,-20.05,205.33,-4.38,,,,,2025-04-16T02:03:07,wayback
Pantabangan,2025-04-16T08:00,200.84,-0.11,221.0,-20.16,205.26,-4.42,,,,,2025-04-16T02:03:07,wayback
Pantabangan,2025-05-03T08:00,198.02,-0.19,216.0,-17.98,204.14,-6.12,,,,,2025-05-04T15:19:46,wayback
Pantabangan,2025-05-04T08:00,197.83,-0.19,216.0,-18.17,204.12,-6.29,,,,,2025-05-04T15:19:46,wayback
Pantabangan,2025-05-05T08:00,197.61,-0.18,216.0,-18.39,204.1,-6.49,,,,,2025-05-06T06:04:07,wayback
Pantabangan,2025-05-06T08:00,197.43,-0.18,216.0,-18.57,204.09,-6.66,,,,,2025-05-06T06:04:07,wayback
Pantabangan,2025-05-25T08:00,193.88,-0.18,216.0,-22.12,203.75,-9.87,,,,,2025-05-26T17:20:45,wayback
Pantabangan,2025-05-26T08:00,193.7,-0.18,216.0,-22.3,203.73,-10.03,,,,,2025-05-26T17:20:45,wayback
Pantabangan,2025-06-06T08:00,192.0,-0.09,221.0,-29.0,203.73,-11.73,,,,,2025-06-07T10:31:20,wayback
Pantabangan,2025-06-07T08:00,191.91,-0.09,221.0,-29.09,203.75,-11.84,,,,,2025-06-07T10:31:20,wayback
Pantabangan,2025-06-24T08:00,189.6,-0.17,216.0,-26.4,204.06,-14.46,,,,,2025-06-25T04:11:08,wayback
Pantabangan,2025-06-25T08:00,189.43,-0.17,216.0,-26.57,204.08,-14.65,,,,,2025-06-25T04:11:08,wayback
Pantabangan,2025-07-19T08:00,192.49,0.42,216.0,-23.51,206.94,-14.45,,,,,2025-07-20T16:58:33,wayback
Pantabangan,2025-07-20T08:00,192.91,0.42,216.0,-23.09,207.08,-14.17,,,,,2025-07-20T16:58:33,wayback
Pantabangan,2025-07-21T08:00,193.5,0.61,216.0,-22.5,207.22,-13.72,,,,,2025-07-22T14:57:07,wayback
Pantabangan,2025-07-22T08:00,194.11,0.61,216.0,-21.89,207.36,-13.25,,,,,2025-07-22T14:57:07,wayback
Pantabangan,2025-08-23T08:00,203.52,0.12,216.0,-12.48,211.54,-8.02,,,,,2025-08-24T03:56:02,wayback
Pantabangan,2025-08-24T08:00,203.64,0.12,216.0,-12.36,211.66,-8.02,,,,,2025-08-24T03:56:02,wayback
Pantabangan,2025-09-07T08:00,207.21,0.19,216.0,-8.79,213.38,-6.17,,,,,2025-09-09T00:27:09,wayback
Pantabangan,2025-09-08T08:00,207.4,0.19,216.0,-8.6,213.51,-6.11,,,,,2025-09-09T00:27:09,wayback
Pantabangan,2025-09-21T08:00,210.51,0.13,218.5,-7.99,215.04,-4.53,,,,,2025-09-22T07:42:12,wayback
Pantabangan,2025-09-22T08:00,210.64,0.13,218.5,-7.86,215.16,-4.52,,,,,2025-09-22T07:42:12,wayback
Pantabangan,2025-09-23T08:00,210.97,0.33,218.5,-7.53,215.28,-4.31,,,,,2025-09-23T16:12:03,wayback
Pantabangan,2025-10-12T08:00,214.43,0.02,218.5,-4.07,217.1,-2.67,,,,,2025-10-13T08:30:27,wayback
Pantabangan,2025-10-13T08:00,214.45,0.02,218.5,-4.05,217.19,-2.74,,,,,2025-10-13T08:30:27,wayback
Pantabangan,2025-10-26T08:00,214.76,0.05,221.0,-6.24,218.27,-3.51,,,,,2025-10-27T21:34:39,wayback
Pantabangan,2025-10-27T08:00,214.81,0.05,221.0,-6.19,218.35,-3.54,,,,,2025-10-27T21:34:39,wayback
Pantabangan,2025-11-02T08:00,214.75,-0.02,221.0,-6.25,218.68,-3.93,,,,,2025-11-03T00:50:13,wayback
Pantabangan,2025-11-03T08:00,214.73,-0.02,221.0,-6.27,218.83,-4.1,,,,,2025-11-03T00:50:13,wayback
Pantabangan,2025-11-04T08:00,214.68,-0.05,221.0,-6.32,218.99,-4.31,,,,,2025-11-04T21:05:14,wayback
Pantabangan,2025-11-10T08:00,215.78,0.53,221.0,-5.22,219.46,-3.68,,,,,2025-11-12T00:00:32,wayback
Pantabangan,2025-11-11T08:00,216.31,0.53,221.0,-4.69,219.54,-3.23,,,,,2025-11-12T00:00:32,wayback
Pantabangan,2025-12-08T08:00,215.62,-0.08,221.0,-5.38,220.15,-4.53,,,,,2025-12-09T13:06:46,wayback
Pantabangan,2025-12-09T08:00,215.54,-0.08,221.0,-5.46,220.04,-4.5,,,,,2025-12-09T13:06:46,wayback
Pantabangan,2025-12-12T08:00,215.35,-0.04,221.0,-5.65,219.71,-4.36,,,,,2025-12-13T07:48:46,wayback
Pantabangan,2025-12-13T08:00,215.31,-0.04,221.0,-5.69,219.6,-4.29,,,,,2025-12-13T07:48:46,wayback
Pantabangan,2025-12-28T08:00,214.56,-0.11,221.0,-6.44,217.95,-3.39,,,,,2025-12-29T23:18:31,wayback
Pantabangan,2025-12-29T08:00,214.45,-0.11,221.0,-6.55,217.83,-3.38,,,,,2025-12-29T23:18:31,wayback
Pantabangan,2026-01-22T08:00,211.8,-0.12,221.0,-9.2,214.61,-2.81,,,,,2026-01-23T20:25:02,wayback
Pantabangan,2026-01-23T08:00,211.68,-0.12,221.0,-9.32,214.47,-2.79,,,,,2026-01-23T20:25:02,wayback
Pantabangan,2026-02-05T08:00,209.54,-0.22,221.0,-11.46,212.72,-3.18,,,,,2026-02-06T12:00:54,wayback
Pantabangan,2026-02-06T08:00,209.32,-0.22,221.0,-11.68,212.59,-3.27,,,,,2026-02-06T12:00:54,wayback
Pantabangan,2026-02-11T08:00,208.24,-0.22,221.0,-12.76,211.95,-3.71,,,,,2026-02-12T00:40:01,wayback
Pantabangan,2026-02-12T08:00,208.02,-0.22,221.0,-12.98,211.82,-3.8,,,,,2026-02-12T00:40:01,wayback
Pantabangan,2026-02-21T08:00,206.13,-0.2,221.0,-14.87,210.65,-4.52,,,,,2026-02-22T13:27:52,wayback
Pantabangan,2026-02-22T08:00,205.93,-0.2,221.0,-15.07,210.51,-4.58,,,,,2026-02-22T13:27:52,wayback
Pantabangan,2026-02-23T08:00,205.71,-0.2,221.0,-15.29,210.38,-4.67,,,,,2026-02-24T12:35:24,wayback
Pantabangan,2026-02-24T08:00,205.51,-0.2,221.0,-15.49,210.25,-4.74,,,,,2026-02-24T12:35:24,wayback
Pantabangan,2026-04-11T08:00,195.66,-0.22,221.0,-25.34,205.63,-9.97,,,,,2026-04-12T05:29:07,wayback
Pantabangan,2026-04-12T08:00,195.44,-0.22,221.0,-25.56,205.56,-10.12,,,,,2026-04-12T05:29:07,wayback
Pantabangan,2026-04-21T08:00,193.76,-0.21,221.0,-27.24,204.88,-11.12,,,,,2026-04-22T05:05:41,wayback
Pantabangan,2026-04-22T08:00,193.55,-0.21,221.0,-27.45,204.8,-11.25,,,,,2026-04-22T05:05:41,wayback
Pantabangan,2026-05-05T08:00,191.34,-0.18,216.0,-24.66,204.1,-12.76,,,,,2026-05-06T05:06:33,wayback
Pantabangan,2026-05-06T08:00,191.16,-0.18,216.0,-24.84,204.09,-12.93,,,,,2026-05-06T05:06:33,wayback
Pantabangan,2026-05-23T08:00,187.55,-0.21,216.0,-28.45,203.78,-16.23,,,,,2026-05-24T07:14:32,wayback
Pantabangan,2026-05-24T08:00,187.34,-0.21,216.0,-28.66,203.76,-16.42,,,,,2026-05-24T07:14:32,wayback
Pantabangan,2026-05-26T08:00,186.88,-0.24,216.0,-29.12,203.73,-16.85,,,,,2026-05-27T15:50:34,wayback
Pantabangan,2026-05-27T08:00,186.64,-0.24,216.0,-29.36,203.73,-17.09,,,,,2026-05-27T15:50:34,wayback
Pantabangan,2026-06-29T08:00,180.19,-0.27,216.0,-35.81,204.16,-23.97,,,,,2026-06-30T16:47:24,wayback
Pantabangan,2026-06-30T08:00,179.92,-0.27,216.0,-36.08,204.17,-24.25,,,,,2026-06-30T16:47:24,wayback
Pantabangan,2026-07-27T08:00,176.03,-0.06,216.0,-39.97,208.05,-32.02,,,,,2026-07-28T09:06:38,wayback
Pantabangan,2026-07-28T08:00,175.97,-0.06,216.0,-40.03,208.18,-32.21,,,,,2026-07-28T09:06:38,wayback
Pantabangan,2026-08-06T08:00,179.8,0.53,216.0,-36.2,209.38,-29.58,,,,,2026-08-07T13:44:27,live
Pantabangan,2026-08-07T08:00,180.33,0.53,216.0,-35.67,209.51,-29.18,,,,,2026-08-07T13:44:27,live
Pantabangan,2026-08-08T08:00,180.83,0.63,216.0,-35.17,209.64,-28.81,,,,,2026-08-09T16:37:07,live
Pantabangan,2026-08-09T08:00,181.46,0.63,216.0,-34.54,209.77,-28.31,,,,,2026-08-09T16:37:07,live
Pantabangan,2026-08-10T08:00,182.22,0.76,216.0,-33.78,209.9,-27.68,,,,,2026-08-10T15:39:46,live
Pantabangan,2026-08-11T08:00,183.11,0.89,216.0,-32.89,210.02,-26.91,,,,,2026-08-11T02:35:10,live
Pantabangan,2026-08-12T08:00,183.97,0.86,216.0,-32.03,210.15,-26.18,,,,,2026-08-12T03:04:55,live
Pantabangan,2026-08-13T08:00,184.94,0.97,216.0,-31.06,210.28,-25.34,,,,,2026-08-13T03:08:06,live
Pantabangan,2026-08-14T08:00,185.48,0.54,216.0,-30.52,210.41,-24.93,,,,,2026-08-14T03:06:17,live
San Roque,2021-09-22T06:00,266.14,0.26,280.0,-13.86,264.45,1.69,,,,,2021-09-23T21:36:42,wayback
San Roque,2021-09-23T06:00,266.4,0.26,280.0,-13.6,264.97,1.43,,,,,2021-09-23T21:36:42,wayback
San Roque,2021-09-26T06:00,267.03,0.04,280.0,-12.97,266.52,0.51,,,,,2021-09-27T12:46:44,wayback
San Roque,2021-09-27T06:00,267.07,0.04,280.0,-12.93,267.03,0.04,,,,,2021-09-27T12:46:44,wayback
San Roque,2021-10-22T06:00,280.87,-0.38,280.0,0.87,276.48,4.39,,,,,2021-10-23T10:54:56,wayback
San Roque,2021-10-23T06:00,280.49,-0.38,280.0,0.49,276.84,3.65,,,,,2021-10-23T10:54:56,wayback
San Roque,2021-10-24T06:00,280.08,-0.41,280.0,0.08,277.19,2.89,,,,,2021-10-24T12:36:31,wayback
San Roque,2021-11-01T06:00,280.13,0.17,280.0,0.13,280.0,0.13,,,,,2021-11-02T13:56:17,wayback
San Roque,2021-11-02T06:00,280.3,0.17,280.0,0.3,279.9,0.4,,,,,2021-11-02T13:56:17,wayback
San Roque,2021-11-16T06:00,280.4,-0.09,280.0,0.4,278.55,1.85,,,,,2021-11-17T10:54:47,wayback
San Roque,2021-11-17T06:00,280.31,-0.09,280.0,0.31,278.45,1.86,,,,,2021-11-17T10:54:47,wayback
San Roque,2021-12-21T06:00,273.39,-0.28,280.0,-6.61,275.42,-2.03,,,,,2021-12-22T18:20:32,wayback
San Roque,2021-12-22T06:00,273.11,-0.28,280.0,-6.89,275.34,-2.23,,,,,2021-12-22T18:20:32,wayback
San Roque,2021-12-28T06:00,270.76,-0.38,280.0,-9.24,274.84,-4.08,,,,,2021-12-29T04:37:48,wayback
San Roque,2021-12-29T06:00,270.38,-0.38,280.0,-9.62,274.75,-4.37,,,,,2021-12-29T04:37:48,wayback
San Roque,2022-01-09T06:00,266.85,0.03,280.0,-13.15,271.89,-5.04,,,,,2022-01-10T01:34:09,wayback
San Roque,2022-01-10T06:00,266.88,0.03,280.0,-13.12,271.57,-4.69,,,,,2022-01-10T01:34:09,wayback
San Roque,2022-01-18T06:00,264.54,-0.52,280.0,-15.46,268.96,-4.42,,,,,2022-01-19T10:01:15,wayback
San Roque,2022-01-19T06:00,264.02,-0.52,280.0,-15.98,268.64,-4.62,,,,,2022-01-19T10:01:15,wayback
San Roque,2022-04-21T06:00,231.75,-0.06,280.0,-48.25,240.37,-8.62,,,,,2022-04-22T02:51:37,wayback
San Roque,2022-04-22T06:00,231.69,-0.06,280.0,-48.31,240.2,-8.51,,,,,2022-04-22T02:51:37,wayback
San Roque,2022-06-14T06:00,232.1,0.05,280.0,-47.9,234.0,-1.9,,,,,2022-06-15T08:27:45,wayback
San Roque,2022-06-15T06:00,232.15,0.05,280.0,-47.85,234.07,-1.92,,,,,2022-06-15T08:27:45,wayback
San Roque,2022-06-18T06:00,231.93,0.06,280.0,-48.07,234.3,-2.37,,,,,2022-06-19T01:08:25,wayback
San Roque,2022-06-19T06:00,231.99,0.06,280.0,-48.01,234.38,-2.39,,,,,2022-06-19T01:08:25,wayback
San Roque,2022-06-26T06:00,232.06,-0.16,280.0,-47.94,234.92,-2.86,,,,,2022-06-26T23:01:12,wayback
San Roque,2022-06-27T06:00,231.9,-0.16,280.0,-48.1,234.99,-3.09,,,,,2022-06-26T23:01:12,wayback
San Roque,2022-07-01T06:00,232.09,0.01,280.0,-47.91,235.3,-3.21,,,,,2022-07-02T03:50:05,wayback
San Roque,2022-07-02T06:00,232.1,0.01,280.0,-47.9,235.41,-3.31,,,,,2022-07-02T03:50:05,wayback
San Roque,2022-07-04T06:00,231.95,0.09,280.0,-48.05,235.63,-3.68,,,,,2022-07-05T08:47:35,wayback
San Roque,2022-07-05T06:00,232.04,0.09,280.0,-47.96,235.74,-3.7,,,,,2022-07-05T08:47:35,wayback
San Roque,2022-07-16T06:00,233.72,0.22,280.0,-46.28,236.95,-3.23,,,,,2022-07-17T00:05:54,wayback
San Roque,2022-07-17T06:00,233.94,0.22,280.0,-46.06,237.05,-3.11,,,,,2022-07-17T00:05:54,wayback
San Roque,2022-08-01T06:00,234.11,-0.32,280.0,-45.89,238.7,-4.59,,,,,2022-08-02T22:15:14,wayback
San Roque,2022-08-02T06:00,233.79,-0.32,280.0,-46.21,239.18,-5.39,,,,,2022-08-02T22:15:14,wayback
San Roque,2022-08-03T06:00,233.55,-0.02,280.0,-46.45,239.66,-6.11,,,,,2022-08-04T20:24:09,wayback
San Roque,2022-08-04T06:00,233.53,-0.02,280.0,-46.47,240.14,-6.61,,,,,2022-08-04T20:24:09,wayback
San Roque,2022-08-05T06:00,233.88,0.35,280.0,-46.12,240.62,-6.74,,,,,2022-08-05T04:38:05,wayback
San Roque,2022-08-06T06:00,233.62,-0.26,280.0,-46.38,241.1,-7.48,,,,,2022-08-06T08:47:14,wayback
San Roque,2022-08-07T06:00,233.4,-0.17,280.0,-46.6,241.58,-8.18,,,,,2022-08-08T10:40:56,wayback
San Roque,2022-08-08T06:00,233.23,-0.17,280.0,-46.77,242.06,-8.83,,,,,2022-08-08T10:40:56,wayback
San Roque,2022-09-23T06:00,260.28,0.0,280.0,-19.72,264.97,-4.69,,,,,2022-09-24T09:51:55,wayback
San Roque,2022-09-24T06:00,260.28,0.0,280.0,-19.72,265.48,-5.2,,,,,2022-09-24T09:51:55,wayback
San Roque,2022-10-15T06:00,263.78,0.05,280.0,-16.22,274.02,-10.24,,,,,2022-10-16T04:09:18,wayback
San Roque,2022-10-16T06:00,263.83,0.05,280.0,-16.17,274.37,-10.54,,,,,2022-10-16T04:09:18,wayback
San Roque,2022-10-28T06:00,266.61,0.15,280.0,-13.39,278.59,-11.98,,,,,2022-10-29T04:08:50,wayback
San Roque,2022-10-29T06:00,266.76,0.15,280.0,-13.24,278.95,-12.19,,,,,2022-10-29T04:08:50,wayback
San Roque,2022-11-29T06:00,277.33,-0.16,280.0,-2.67,277.29,0.04,,,,,2022-11-30T16:24:55,wayback
San Roque,2022-11-30T06:00,277.17,-0.16,280.0,-2.83,277.2,-0.03,,,,,2022-11-30T16:24:55,wayback
San Roque,2022-12-01T06:00,277.26,0.18,280.0,-2.74,277.1,0.16,,,,,2022-12-02T11:16:57,wayback
San Roque,2022-12-02T06:00,277.44,0.18,280.0,-2.56,277.02,0.42,,,,,2022-12-02T11:16:57,wayback
San Roque,2022-12-10T06:00,276.18,-0.27,280.0,-3.82,276.35,-0.17,,,,,2022-12-11T18:30:01,wayback
San Roque,2022-12-11T06:00,275.91,-0.27,280.0,-4.09,276.26,-0.35,,,,,2022-12-11T18:30:01,wayback
San Roque,2023-03-28T06:00,242.61,-0.11,280.0,-37.39,244.71,-2.1,,,,,2023-03-28T23:37:33,wayback
San Roque,2023-03-29T06:00,242.5,-0.11,280.0,-37.5,244.45,-1.95,,,,,2023-03-28T23:37:33,wayback
San Roque,2023-04-13T06:00,237.29,-0.32,280.0,-42.71,241.7,-4.41,,,,,2023-04-14T02:12:40,wayback
San Roque,2023-04-14T06:00,236.97,-0.32,280.0,-43.03,241.53,-4.56,,,,,2023-04-14T02:12:40,wayback
San Roque,2023-07-26T06:00,238.25,8.88,280.0,-41.75,238.04,0.21,,,,,2023-07-27T08:11:31,wayback
San Roque,2023-07-27T06:00,247.13,8.88,280.0,-32.87,238.15,8.98,,,,,2023-07-27T08:11:31,wayback
San Roque,2023-09-30T06:00,265.09,-0.2,280.0,-14.91,268.58,-3.49,,,,,2023-10-02T00:34:48,wayback
San Roque,2023-10-01T06:00,264.89,-0.2,280.0,-15.11,269.1,-4.21,,,,,2023-10-02T00:34:48,wayback
San Roque,2023-11-27T06:00,266.94,-0.2,280.0,-13.06,277.49,-10.55,,,,,2023-11-28T03:16:48,wayback
San Roque,2023-11-28T06:00,266.74,-0.2,280.0,-13.26,277.39,-10.65,,,,,2023-11-28T03:16:48,wayback
San Roque,2024-01-25T06:00,253.51,-0.38,280.0,-26.49,266.68,-13.17,,,,,2024-01-26T14:31:58,wayback
San Roque,2024-01-26T06:00,253.13,-0.38,280.0,-26.87,266.35,-13.22,,,,,2024-01-26T14:31:58,wayback
San Roque,2024-04-03T06:00,234.73,-0.02,280.0,-45.27,243.37,-8.64,,,,,2024-04-04T04:56:23,wayback
San Roque,2024-04-04T06:00,234.71,-0.02,280.0,-45.29,243.2,-8.49,,,,,2024-04-04T04:56:23,wayback
San Roque,2024-04-16T06:00,233.13,-0.52,280.0,-46.87,241.2,-8.07,,,,,2024-04-17T14:38:17,wayback
San Roque,2024-04-17T06:00,232.61,-0.52,280.0,-47.39,241.03,-8.42,,,,,2024-04-17T14:38:17,wayback
San Roque,2024-04-29T08:00,228.84,-0.32,280.0,-51.16,239.03,-10.19,,,,,2024-04-30T16:37:36,wayback
San Roque,2024-04-30T08:00,228.52,-0.32,280.0,-51.48,238.87,-10.35,,,,,2024-04-30T16:37:36,wayback
San Roque,2024-05-02T08:00,227.85,-0.34,280.0,-52.15,238.52,-10.67,,,,,2024-05-03T14:04:21,wayback
San Roque,2024-05-03T08:00,227.51,-0.34,280.0,-52.49,238.33,-10.82,,,,,2024-05-03T14:04:21,wayback
San Roque,2024-05-21T08:00,227.04,-0.07,280.0,-52.96,235.02,-7.98,,,,,2024-05-22T22:03:22,wayback
San Roque,2024-05-22T08:00,226.97,-0.07,280.0,-53.03,234.84,-7.87,,,,,2024-05-22T22:03:22,wayback
San Roque,2024-08-03T08:00,251.32,0.7,280.0,-28.68,239.66,11.66,,,,,2024-08-04T13:50:34,wayback
San Roque,2024-08-04T08:00,252.02,0.7,280.0,-27.98,240.14,11.88,,,,,2024-08-04T13:50:34,wayback
San Roque,2024-08-23T08:00,252.21,-0.28,280.0,-27.79,249.27,2.94,,,,,2024-08-24T19:16:01,wayback
San Roque,2024-08-24T08:00,251.93,-0.28,280.0,-28.07,249.75,2.18,,,,,2024-08-24T19:16:01,wayback
San Roque,2024-09-11T08:00,262.52,0.61,280.0,-17.48,258.77,3.75,,,,,2024-09-12T17:45:54,wayback
San Roque,2024-09-12T20:00,263.13,0.61,280.0,-16.87,259.28,3.85,,,,,2024-09-12T17:45:54,wayback
San Roque,2024-10-04T08:00,274.95,-0.11,280.0,-5.05,270.15,4.8,,,,,2024-10-05T03:55:59,wayback
San Roque,2024-10-05T08:00,274.84,-0.11,280.0,-5.16,270.51,4.33,,,,,2024-10-05T03:55:59,wayback
San Roque,2024-10-06T08:00,274.71,-0.13,280.0,-5.29,270.86,3.85,,,,,2024-10-06T18:48:56,wayback
San Roque,2024-11-16T08:00,278.29,-1.12,280.0,-1.71,278.55,-0.26,,,,,2024-11-17T17:28:25,wayback
San Roque,2024-11-17T08:00,277.17,-1.12,280.0,-2.83,278.45,-1.28,2.0,3.0,,348.42,2024-11-17T17:28:25,wayback
San Roque,2024-11-22T08:00,281.59,0.18,280.0,1.59,277.97,3.62,,,,,2024-11-23T23:44:53,wayback
San Roque,2024-11-23T08:00,281.77,0.18,280.0,1.77,277.87,3.9,,,,,2024-11-23T23:44:53,wayback
San Roque,2024-11-26T08:00,281.26,-0.43,280.0,1.26,277.58,3.68,,,,,2024-11-27T03:09:17,wayback
San Roque,2024-11-27T08:00,280.83,-0.43,280.0,0.83,277.49,3.34,,,,,2024-11-27T03:09:17,wayback
San Roque,2024-12-03T08:00,281.61,-0.26,280.0,1.61,276.93,4.68,,,,,2024-12-04T20:10:19,wayback
San Roque,2024-12-04T08:00,281.35,-0.26,280.0,1.35,276.85,4.5,,,,,2024-12-04T20:10:19,wayback
San Roque,2024-12-08T08:00,280.65,0.01,280.0,0.65,276.51,4.14,,,,,2024-12-09T09:51:51,wayback
San Roque,2024-12-09T08:00,280.66,0.01,280.0,0.66,276.43,4.23,,,,,2024-12-09T09:51:51,wayback
San Roque,2024-12-16T08:00,279.83,-0.02,280.0,-0.17,275.84,3.99,,,,,2024-12-17T05:30:59,wayback
San Roque,2024-12-17T08:00,279.81,-0.02,280.0,-0.19,275.76,4.05,,,,,2024-12-17T05:30:59,wayback
San Roque,2025-02-09T08:00,267.03,-0.39,280.0,-12.97,260.71,6.32,,,,,2025-02-10T12:40:25,wayback
San Roque,2025-02-10T08:00,266.64,-0.39,280.0,-13.36,260.25,6.39,,,,,2025-02-10T12:40:25,wayback
San Roque,2025-02-16T08:00,264.71,-0.29,280.0,-15.29,257.49,7.22,,,,,2025-02-17T06:44:06,wayback
San Roque,2025-02-17T08:00,264.42,-0.29,280.0,-15.58,257.03,7.39,,,,,2025-02-17T06:44:06,wayback
San Roque,2025-03-06T08:00,256.24,-0.73,280.0,-23.76,250.24,6.0,,,,,2025-03-07T19:36:55,wayback
San Roque,2025-03-07T08:00,255.51,-0.73,280.0,-24.49,250.24,5.27,,,,,2025-03-07T19:36:55,wayback
San Roque,2025-04-15T08:00,245.99,0.16,280.0,-34.01,241.37,4.62,,,,,2025-04-16T02:03:07,wayback
San Roque,2025-04-16T08:00,246.15,0.16,280.0,-33.85,241.2,4.95,,,,,2025-04-16T02:03:07,wayback
San Roque,2025-05-03T08:00,243.87,-0.08,280.0,-36.13,238.33,5.54,,,,,2025-05-04T15:19:46,wayback
San Roque,2025-05-04T08:00,243.79,-0.08,280.0,-36.21,238.15,5.64,,,,,2025-05-04T15:19:46,wayback
San Roque,2025-05-05T08:00,243.81,0.02,280.0,-36.19,237.96,5.85,,,,,2025-05-06T06:04:07,wayback
San Roque,2025-05-06T08:00,243.83,0.02,280.0,-36.17,237.78,6.05,,,,,2025-05-06T06:04:07,wayback
San Roque,2025-05-25T08:00,238.63,-0.82,280.0,-41.37,234.29,4.34,,,,,2025-05-26T17:20:45,wayback
San Roque,2025-05-26T08:00,237.81,-0.82,280.0,-42.19,234.1,3.71,,,,,2025-05-26T17:20:45,wayback
San Roque,2025-06-06T08:00,233.89,0.34,280.0,-46.11,233.38,0.51,,,,,2025-06-07T10:31:20,wayback
San Roque,2025-06-07T08:00,234.23,0.34,280.0,-45.77,233.46,0.77,,,,,2025-06-07T10:31:20,wayback
San Roque,2025-06-24T08:00,232.18,-0.04,280.0,-47.82,234.76,-2.58,,,,,2025-06-25T04:11:08,wayback
San Roque,2025-06-25T08:00,232.14,-0.04,280.0,-47.86,234.84,-2.7,,,,,2025-06-25T04:11:08,wayback
San Roque,2025-07-19T08:00,240.39,1.63,280.0,-39.61,237.27,3.12,,,,,2025-07-20T16:58:33,wayback
San Roque,2025-07-20T08:00,242.02,1.63,280.0,-37.98,237.38,4.64,,,,,2025-07-20T16:58:33,wayback
San Roque,2025-07-21T08:00,244.4,2.21,280.0,-35.6,237.49,6.91,,,,,2025-07-22T14:57:07,wayback
San Roque,2025-07-22T08:00,246.61,2.21,280.0,-33.39,237.6,9.01,,,,,2025-07-22T14:57:07,wayback
San Roque,2025-08-23T08:00,272.04,-0.78,280.0,-7.96,249.27,22.77,,,,,2025-08-24T03:56:02,wayback
San Roque,2025-08-24T08:00,271.26,-0.78,280.0,-8.74,249.75,21.51,,,,,2025-08-24T03:56:02,wayback
San Roque,2025-09-07T08:00,262.3,0.6,280.0,-17.7,256.7,5.6,,,,,2025-09-09T00:27:09,wayback
San Roque,2025-09-08T08:00,262.9,0.6,280.0,-17.1,257.22,5.68,,,,,2025-09-09T00:27:09,wayback
San Roque,2025-09-21T08:00,260.2,0.41,280.0,-19.8,263.93,-3.73,,,,,2025-09-22T07:42:12,wayback
San Roque,2025-09-22T08:00,260.61,0.41,280.0,-19.39,264.45,-3.84,,,,,2025-09-22T07:42:12,wayback
San Roque,2025-09-23T08:00,264.85,4.24,280.0,-15.15,264.97,-0.12,,,,,2025-09-23T16:12:03,wayback
San Roque,2025-10-12T08:00,272.71,0.21,280.0,-7.29,272.97,-0.26,,,,,2025-10-13T08:30:27,wayback
San Roque,2025-10-13T08:00,272.92,0.21,280.0,-7.08,273.32,-0.4,,,,,2025-10-13T08:30:27,wayback
San Roque,2025-10-26T08:00,274.83,0.23,280.0,-5.17,277.89,-3.06,,,,,2025-10-27T21:34:39,wayback
San Roque,2025-10-27T08:00,275.06,0.23,280.0,-4.94,278.24,-3.18,,,,,2025-10-27T21:34:39,wayback
San Roque,2025-11-02T08:00,275.62,-0.07,280.0,-4.38,279.9,-4.28,,,,,2025-11-03T00:50:13,wayback
San Roque,2025-11-03T08:00,275.55,-0.07,280.0,-4.45,279.81,-4.26,,,,,2025-11-03T00:50:13,wayback
San Roque,2025-11-04T08:00,275.57,0.02,280.0,-4.43,279.71,-4.14,,,,,2025-11-04T21:05:14,wayback
San Roque,2025-11-10T08:00,273.52,4.73,280.0,-6.48,279.13,-5.61,,,,,2025-11-12T00:00:32,wayback
San Roque,2025-11-11T08:00,278.25,4.73,280.0,-1.75,279.03,-0.78,,,,,2025-11-12T00:00:32,wayback
San Roque,2025-12-08T08:00,278.19,0.04,280.0,-1.81,276.51,1.68,,,,,2025-12-09T13:06:46,wayback
San Roque,2025-12-09T08:00,278.23,0.04,280.0,-1.77,276.43,1.8,,,,,2025-12-09T13:06:46,wayback
San Roque,2025-12-12T08:00,277.66,-0.36,280.0,-2.34,276.18,1.48,,,,,2025-12-13T07:48:46,wayback
San Roque,2025-12-13T08:00,277.3,-0.36,280.0,-2.7,276.09,1.21,,,,,2025-12-13T07:48:46,wayback
San Roque,2025-12-28T08:00,273.22,-0.25,280.0,-6.78,274.84,-1.62,,,,,2025-12-29T23:18:31,wayback
San Roque,2025-12-29T08:00,272.97,-0.25,280.0,-7.03,274.75,-1.78,,,,,2025-12-29T23:18:31,wayback
San Roque,2026-01-22T08:00,265.06,-0.43,280.0,-14.94,267.66,-2.6,,,,,2026-01-23T20:25:02,wayback
San Roque,2026-01-23T08:00,264.63,-0.43,280.0,-15.37,267.33,-2.7,,,,,2026-01-23T20:25:02,wayback
San Roque,2026-02-05T08:00,259.94,-0.42,280.0,-20.06,262.56,-2.62,,,,,2026-02-06T12:00:54,wayback
San Roque,2026-02-06T08:00,259.52,-0.42,280.0,-20.48,262.1,-2.58,,,,,2026-02-06T12:00:54,wayback
San Roque,2026-02-11T08:00,257.82,-0.39,280.0,-22.18,259.79,-1.97,,,,,2026-02-12T00:40:01,wayback
San Roque,2026-02-12T08:00,257.43,-0.39,280.0,-22.57,259.33,-1.9,,,,,2026-02-12T00:40:01,wayback
San Roque,2026-02-21T08:00,253.37,-0.55,280.0,-26.63,255.19,-1.82,,,,,2026-02-22T13:27:52,wayback
San Roque,2026-02-22T08:00,252.82,-0.55,280.0,-27.18,254.73,-1.91,,,,,2026-02-22T13:27:52,wayback
San Roque,2026-02-23T08:00,252.26,-0.58,280.0,-27.74,254.26,-2.0,,,,,2026-02-24T12:35:24,wayback
San Roque,2026-02-24T08:00,251.68,-0.58,280.0,-28.32,253.8,-2.12,,,,,2026-02-24T12:35:24,wayback
San Roque,2026-04-11T08:00,236.24,-0.25,280.0,-43.76,242.03,-5.79,,,,,2026-04-12T05:29:07,wayback
San Roque,2026-04-12T08:00,235.99,-0.25,280.0,-44.01,241.87,-5.88,,,,,2026-04-12T05:29:07,wayback
San Roque,2026-04-21T08:00,234.12,-0.2,280.0,-45.88,240.37,-6.25,,,,,2026-04-22T05:05:41,wayback
San Roque,2026-04-22T08:00,233.92,-0.2,280.0,-46.08,240.2,-6.28,,,,,2026-04-22T05:05:41,wayback
San Roque,2026-05-05T08:00,230.98,-0.23,280.0,-49.02,237.96,-6.98,,,,,2026-05-06T05:06:33,wayback
San Roque,2026-05-06T08:00,230.75,-0.23,280.0,-49.25,237.78,-7.03,,,,,2026-05-06T05:06:33,wayback
San Roque,2026-05-23T08:00,226.87,-0.19,280.0,-53.13,234.65,-7.78,,,,,2026-05-24T07:14:32,wayback
San Roque,2026-05-24T08:00,226.68,-0.19,280.0,-53.32,234.47,-7.79,,,,,2026-05-24T07:14:32,wayback
San Roque,2026-05-26T08:00,225.99,-0.27,280.0,-54.01,234.1,-8.11,,,,,2026-05-27T15:50:34,wayback
San Roque,2026-05-27T08:00,225.72,-0.27,280.0,-54.28,234.1,-8.38,,,,,2026-05-27T15:50:34,wayback
San Roque,2026-06-29T08:00,230.4,-0.22,280.0,-49.6,235.15,-4.75,,,,,2026-06-30T16:47:24,wayback
San Roque,2026-06-30T08:00,230.18,-0.22,280.0,-49.82,235.22,-5.04,,,,,2026-06-30T16:47:24,wayback
San Roque,2026-07-27T08:00,226.99,-0.16,280.0,-53.01,238.15,-11.16,,,,,2026-07-28T09:06:38,wayback
San Roque,2026-07-28T08:00,226.83,-0.16,280.0,-53.17,238.26,-11.43,,,,,2026-07-28T09:06:38,wayback
San Roque,2026-08-06T08:00,228.06,1.96,280.0,-51.94,241.1,-13.04,,,,,2026-08-07T13:44:27,live
San Roque,2026-08-07T08:00,230.02,1.96,280.0,-49.98,241.58,-11.56,,,,,2026-08-07T13:44:27,live
San Roque,2026-08-08T08:00,233.62,6.1,280.0,-46.38,242.06,-8.44,,,,,2026-08-09T16:37:07,live
San Roque,2026-08-09T08:00,239.72,6.1,280.0,-40.28,242.55,-2.83,,,,,2026-08-09T16:37:07,live
San Roque,2026-08-10T08:00,254.77,15.05,280.0,-25.23,243.03,11.74,,,,,2026-08-10T15:39:46,live
San Roque,2026-08-11T08:00,260.34,5.57,280.0,-19.66,243.51,16.83,,,,,2026-08-11T02:35:10,live
San Roque,2026-08-12T08:00,263.17,2.83,280.0,-16.83,243.99,19.18,,,,,2026-08-12T03:04:55,live
San Roque,2026-08-13T08:00,264.95,1.78,280.0,-15.05,244.47,20.48,,,,,2026-08-13T03:08:06,live
San Roque,2026-08-14T08:00,266.2,1.25,280.0,-13.8,244.95,21.25,,,,,2026-08-14T03:06:17,live
